generation,evaluations,best_fitness,mean_fitness,worst_fitness
0,10,1.8791583573241404,2.0159683643806403,2.1938266513514977
1,20,1.8734910970892615,1.9184391037158963,1.9893008695322965
2,30,1.844628845521511,1.8783776134007586,1.9155144681121896
3,40,1.8201243885734748,1.8611932775262623,1.8791583573241404
4,50,1.8201243885734748,1.8590054360153914,1.8745219474242842
5,60,1.8041538229026888,1.8472085780263057,1.8633847562292034
6,70,1.7705634969265722,1.836124397615474,1.8562507622626119
7,80,1.7705634969265722,1.8249774135552215,1.854378625537137
8,90,1.7705634969265722,1.8164515703067206,1.8476441003488815
9,100,1.7700603897181553,1.8006079300627706,1.8211305857223647
10,110,1.7700603897181553,1.7953941475652961,1.8199199920726397
11,120,1.7700603897181553,1.7919401943687645,1.8093094648390124
12,130,1.7700603897181553,1.7894016235118921,1.8083591883009418
13,140,1.7700603897181553,1.7894016235118921,1.8083591883009418
14,150,1.7700603897181553,1.7894016235118921,1.8083591883009418
15,160,1.7700603897181553,1.7857104424259522,1.799756916545245
16,170,1.7700603897181553,1.7857104424259522,1.799756916545245
17,180,1.7700603897181553,1.783358954218393,1.7987933804852807
18,190,1.7700603897181553,1.783358954218393,1.7987933804852807
19,200,1.672851018969534,1.7707647180668178,1.7982760550718275
20,210,1.672851018969534,1.7698050757130699,1.7887082206395626
21,220,1.672851018969534,1.7634314196853045,1.7839237562702854
22,230,1.6551417871341563,1.7505532227716916,1.7807184282265949
23,240,1.6551417871341563,1.7382472612512392,1.7769923640051373
24,250,1.6551417871341563,1.7344561322697114,1.7719898419158078
25,260,1.6551417871341563,1.7040592313318126,1.7511302015899604
26,270,1.6551417871341563,1.6968557001120026,1.7445648173559676
27,280,1.6551417871341563,1.689616310676151,1.7331609799692398
28,290,1.6315877419264666,1.6769501519264345,1.6977428886272987
29,300,1.6315877419264666,1.6639332662968243,1.6776598322120377
30,310,1.607289798652369,1.6537706584751635,1.672876900585312
31,320,1.607289798652369,1.6472183182590345,1.6710261896647085
32,330,1.607289798652369,1.6467656228551835,1.6664992356261945
33,340,1.607289798652369,1.6404848547450424,1.6655815210934939
34,350,1.607289798652369,1.6376976806524648,1.6598142464810584
35,360,1.607289798652369,1.6330864474896498,1.6564591610260984
36,370,1.5559991750067772,1.6147245494620914,1.6417729241980994
37,380,1.5559991750067772,1.6144306828082287,1.6388342576594686
38,390,1.5559991750067772,1.6144306828082287,1.6388342576594686
39,400,1.5559991750067772,1.6117268307136547,1.6369982478554579
40,410,1.5559991750067772,1.6051712386981989,1.6315877419264666
41,420,1.5559991750067772,1.6051712386981989,1.6315877419264666
42,430,1.5559991750067772,1.597818797017998,1.6174524413617224
43,440,1.5559991750067772,1.597818797017998,1.6174524413617224
44,450,1.5559991750067772,1.5953763997593082,1.6140555296138894
45,460,1.5559991750067772,1.5840011096051745,1.607105157952585
46,470,1.5559991750067772,1.5828281531251966,1.5988527193096334
47,480,1.5559991750067772,1.5779021989362114,1.5866235636264454
48,490,1.5559991750067772,1.5767209180504556,1.584655987323336
49,500,1.5559991750067772,1.5767209180504556,1.584655987323336
50,510,1.5559991750067772,1.5767209180504556,1.584655987323336
51,520,1.5559991750067772,1.5767209180504556,1.584655987323336
52,530,1.5559991750067772,1.5767209180504556,1.584655987323336
53,540,1.5362483616857279,1.568005578690215,1.581828299015807
54,550,1.4597242422519894,1.555795173013833,1.5818101583289501
55,560,1.4597242422519894,1.5466869808652106,1.5777781096556067
56,570,1.4597242422519894,1.5466869808652106,1.5777781096556067
57,580,1.4597242422519894,1.5466869808652106,1.5777781096556067
58,590,1.4597242422519894,1.5412241937451836,1.576957342558576
59,600,1.4597242422519894,1.5397430543002941,1.5748107547688883
60,610,1.4597242422519894,1.5397430543002941,1.5748107547688883
61,620,1.4519791743086703,1.5274598962542725,1.5703249972069102
62,630,1.4519791743086703,1.5266750933143438,1.5624769678076242
63,640,1.4519791743086703,1.5246515690216216,1.5566872431121819
64,650,1.4519791743086703,1.5211595387518313,1.5559991750067772
65,660,1.4519791743086703,1.5159850149595377,1.5477004298779027
66,670,1.4519791743086703,1.505017820227774,1.5362483616857279
67,680,1.4519791743086703,1.4992697769469103,1.523150238455338
68,690,1.4519791743086703,1.4983109593448085,1.5217669404142788
69,700,1.4519791743086703,1.4983109593448085,1.5217669404142788
70,710,1.4519791743086703,1.496286579927897,1.5203807756272738
71,720,1.4519791743086703,1.4927560418499188,1.5171450159088817
72,730,1.4519791743086703,1.491191930991349,1.5158528586759017
73,740,1.4519791743086703,1.48925972775695,1.5144755865521948
74,750,1.4519791743086703,1.486998367466744,1.5135620624343193
75,760,1.4519791743086703,1.486998367466744,1.5135620624343193
76,770,1.4418990499165567,1.478566465445152,1.501503907323185
77,780,1.4418990499165567,1.478566465445152,1.501503907323185
78,790,1.4418990499165567,1.478566465445152,1.501503907323185
79,800,1.4418990499165567,1.4778981776165292,1.496530826331909
80,810,1.4418990499165567,1.4763981095404173,1.495756436701798
81,820,1.4418990499165567,1.4697462374615307,1.491861983650134
82,830,1.4152617640522172,1.4620862155017391,1.4888671385470111
83,840,1.4152617640522172,1.4540130298085172,1.4815301455707928
84,850,1.4152617640522172,1.452831853768264,1.4753149692247851
85,860,1.4060729175862667,1.445907648604412,1.4724665005727742
86,870,1.4060729175862667,1.4456288716254493,1.469718385168261
87,880,1.4060729175862667,1.4434389355484865,1.4635322433321984
88,890,1.4060729175862667,1.4434389355484865,1.4635322433321984
89,900,1.3715821091804745,1.434243922133314,1.4597242422519894
90,910,1.3715821091804745,1.4294338536593627,1.4519791743086703
91,920,1.3715821091804745,1.4222360742978428,1.450451792629036
92,930,1.3715821091804745,1.4119251970840188,1.442758883833249
93,940,1.3715821091804745,1.3988969717804762,1.4257855289370724
94,950,1.3715821091804745,1.3988969717804762,1.4257855289370724
95,960,1.3715821091804745,1.3946506641944134,1.4196435135187102
96,970,1.3715821091804745,1.3946506641944134,1.4196435135187102
97,980,1.3715821091804745,1.3946506641944134,1.4196435135187102
98,990,1.3715821091804745,1.3901576198721386,1.4134998825208223
99,1000,1.3715821091804745,1.3891557473224834,1.4078768051043677
100,1010,1.3703929174328815,1.3854073585553348,1.4060729175862667
101,1020,1.3703929174328815,1.3842148202901225,1.4034811570242707
102,1030,1.3579099664544136,1.3796577012331368,1.3977099753986906
103,1040,1.3579099664544136,1.3796577012331368,1.3977099753986906
104,1050,1.3579099664544136,1.3755889022405843,1.3876214144315264
105,1060,1.3579099664544136,1.3755889022405843,1.3876214144315264
106,1070,1.3579099664544136,1.3755889022405843,1.3876214144315264
107,1080,1.3579099664544136,1.375537399084702,1.3871063828727028
108,1090,1.3579099664544136,1.375537399084702,1.3871063828727028
109,1100,1.3526654516864831,1.3692798902232073,1.383322453076446
110,1110,1.3374199373132312,1.3632472090858085,1.377414308901965
111,1120,1.3374199373132312,1.3632472090858085,1.377414308901965
112,1130,1.3374199373132312,1.3630305489256878,1.3764749518273571
113,1140,1.3374199373132312,1.3630305489256878,1.3764749518273571
114,1150,1.3374199373132312,1.3604409559479502,1.375247707300759
115,1160,1.3374199373132312,1.3604409559479502,1.375247707300759
116,1170,1.3374199373132312,1.3604409559479502,1.375247707300759
117,1180,1.3374199373132312,1.3604409559479502,1.375247707300759
118,1190,1.3341434507373224,1.3563305302916067,1.3715821091804745
119,1200,1.3341434507373224,1.3563305302916067,1.3715821091804745
120,1210,1.3341434507373224,1.3563305302916067,1.3715821091804745
121,1220,1.3341434507373224,1.3563305302916067,1.3715821091804745
122,1230,1.3341434507373224,1.3563305302916067,1.3715821091804745
123,1240,1.3341434507373224,1.3534045648274275,1.368018530805391
124,1250,1.312634555005813,1.3478661672474697,1.3666574393008586
125,1260,1.312634555005813,1.3478661672474697,1.3666574393008586
126,1270,1.312634555005813,1.3459939879147949,1.3655770850827003
127,1280,1.312634555005813,1.344696929224106,1.3579099664544136
128,1290,1.312634555005813,1.344696929224106,1.3579099664544136
129,1300,1.312634555005813,1.344696929224106,1.3579099664544136
130,1310,1.312634555005813,1.344696929224106,1.3579099664544136
131,1320,1.312634555005813,1.3411331397127653,1.3563779236777205
132,1330,1.312634555005813,1.3394451524371167,1.3526654516864831
133,1340,1.312634555005813,1.3394451524371167,1.3526654516864831
134,1350,1.310221671638258,1.3352007744322942,1.3526064981758124
135,1360,1.308909971607654,1.3272335816942609,1.3479356459741108
136,1370,1.308909971607654,1.3272335816942609,1.3479356459741108
137,1380,1.308909971607654,1.3254214664550712,1.344696841166174
138,1390,1.308909971607654,1.3226485514483566,1.3394980509212333
139,1400,1.308909971607654,1.3220619496452524,1.3374199373132312
140,1410,1.308909971607654,1.3220619496452524,1.3374199373132312
141,1420,1.308909971607654,1.3220619496452524,1.3374199373132312
142,1430,1.308909971607654,1.3220619496452524,1.3374199373132312
143,1440,1.308909971607654,1.3220595937630102,1.3373963784908067
144,1450,1.308909971607654,1.3220595937630102,1.3373963784908067
145,1460,1.308909971607654,1.3220595937630102,1.3373963784908067
146,1470,1.308909971607654,1.3170242454198904,1.3336320328901954
147,1480,1.308909971607654,1.3170242454198904,1.3336320328901954
148,1490,1.308909971607654,1.3170242454198904,1.3336320328901954
149,1500,1.308909971607654,1.3170242454198904,1.3336320328901954
150,1510,1.308909971607654,1.3170242454198904,1.3336320328901954
151,1520,1.30607252468001,1.314268294598872,1.3298144935822154
152,1530,1.30607252468001,1.314268294598872,1.3298144935822154
153,1540,1.30607252468001,1.314268294598872,1.3298144935822154
154,1550,1.30607252468001,1.314268294598872,1.3298144935822154
155,1560,1.30607252468001,1.314268294598872,1.3298144935822154
156,1570,1.30607252468001,1.314268294598872,1.3298144935822154
157,1580,1.30607252468001,1.314268294598872,1.3298144935822154
158,1590,1.30607252468001,1.314268294598872,1.3298144935822154
159,1600,1.30607252468001,1.314268294598872,1.3298144935822154
160,1610,1.2930643017721186,1.3105932754178622,1.3222720713410063
161,1620,1.2930643017721186,1.3105932754178622,1.3222720713410063
162,1630,1.2930643017721186,1.3105932754178622,1.3222720713410063
163,1640,1.2930643017721186,1.3105932754178622,1.3222720713410063
164,1650,1.2930643017721186,1.3105932754178622,1.3222720713410063
165,1660,1.2885601702419174,1.3072220853079535,1.3169676910990247
166,1670,1.2885601702419174,1.3072220853079535,1.3169676910990247
167,1680,1.2885601702419174,1.3072220853079535,1.3169676910990247
168,1690,1.2885601702419174,1.3052280366827094,1.314603621237805
169,1700,1.2885601702419174,1.3048637368004554,1.312634555005813
170,1710,1.2885601702419174,1.3048637368004554,1.312634555005813
171,1720,1.2885601702419174,1.3048637368004554,1.312634555005813
172,1730,1.2885601702419174,1.3048637368004554,1.312634555005813
173,1740,1.2885601702419174,1.3048637368004554,1.312634555005813
174,1750,1.2885601702419174,1.3048637368004554,1.312634555005813
175,1760,1.2885601702419174,1.3048637368004554,1.312634555005813
176,1770,1.2885601702419174,1.3048637368004554,1.312634555005813
177,1780,1.2885601702419174,1.3048637368004554,1.312634555005813
178,1790,1.2885601702419174,1.3039256495309202,1.3109606224152615
179,1800,1.2885601702419174,1.3039256495309202,1.3109606224152615
180,1810,1.2885601702419174,1.3039256495309202,1.3109606224152615
181,1820,1.2885601702419174,1.3039256495309202,1.3109606224152615
182,1830,1.2885601702419174,1.3029083255664349,1.3109005285424846
183,1840,1.2885601702419174,1.3028488592689556,1.3103058655676925
184,1850,1.2885601702419174,1.3028488592689556,1.3103058655676925
185,1860,1.2856581763247337,1.2979751381034845,1.308909971607654
186,1870,1.2856581763247337,1.2979751381034845,1.308909971607654
187,1880,1.2856581763247337,1.2979751381034845,1.308909971607654
188,1890,1.2280490138666904,1.289889042329388,1.30607252468001
189,1900,1.2280490138666904,1.2879264276455153,1.3056383350085246
190,1910,1.2280490138666904,1.2879264276455153,1.3056383350085246
191,1920,1.2280490138666904,1.2859226247532818,1.3032536823104621
192,1930,1.2280490138666904,1.2818911051384254,1.3007873827704095
193,1940,1.2280490138666904,1.2818911051384254,1.3007873827704095
194,1950,1.2280490138666904,1.2818911051384254,1.3007873827704095
195,1960,1.2280490138666904,1.278387837086848,1.2930643017721186
196,1970,1.2280490138666904,1.278387837086848,1.2930643017721186
197,1980,1.2280490138666904,1.278387837086848,1.2930643017721186
198,1990,1.2280490138666904,1.278387837086848,1.2930643017721186
199,2000,1.2280490138666904,1.2780422463419854,1.290779631472429
200,2010,1.2280490138666904,1.276465134764248,1.2896083943234922
201,2020,1.2280490138666904,1.276465134764248,1.2896083943234922
202,2030,1.2280490138666904,1.276465134764248,1.2896083943234922
203,2040,1.2280490138666904,1.276465134764248,1.2896083943234922
204,2050,1.2280490138666904,1.276465134764248,1.2896083943234922
205,2060,1.2280490138666904,1.276465134764248,1.2896083943234922
206,2070,1.2280490138666904,1.276465134764248,1.2896083943234922
207,2080,1.2280490138666904,1.2706785604089785,1.2885601702419174
208,2090,1.2280490138666904,1.2706785604089785,1.2885601702419174
209,2100,1.2280490138666904,1.2706785604089785,1.2885601702419174
210,2110,1.2280490138666904,1.2661978227335315,1.2864463778412798
211,2120,1.2280490138666904,1.2644797601530515,1.2856581763247337
212,2130,1.2280490138666904,1.2636717409344276,1.285600306086189
213,2140,1.2280490138666904,1.261844268762242,1.2775779841384973
214,2150,1.2280490138666904,1.2618308451438354,1.2774437479544325
215,2160,1.2280490138666904,1.2618308451438354,1.2774437479544325
216,2170,1.2280490138666904,1.2618308451438354,1.2774437479544325
217,2180,1.2280490138666904,1.259955094799398,1.2755590454439731
218,2190,1.2280490138666904,1.257527117446453,1.2750085156950537
219,2200,1.2280490138666904,1.257527117446453,1.2750085156950537
220,2210,1.2280490138666904,1.257527117446453,1.2750085156950537
221,2220,1.2280490138666904,1.257527117446453,1.2750085156950537
222,2230,1.2280490138666904,1.257527117446453,1.2750085156950537
223,2240,1.2280490138666904,1.257036418546405,1.2736986531714287
224,2250,1.2280490138666904,1.257036418546405,1.2736986531714287
225,2260,1.2280490138666904,1.257036418546405,1.2736986531714287
226,2270,1.2280490138666904,1.257036418546405,1.2736986531714287
227,2280,1.2280490138666904,1.2565970157971011,1.270101526694573
228,2290,1.2280490138666904,1.2565970157971011,1.270101526694573
229,2300,1.2280490138666904,1.2565970157971011,1.270101526694573
230,2310,1.2280490138666904,1.2565970157971011,1.270101526694573
231,2320,1.2280490138666904,1.2565970157971011,1.270101526694573
232,2330,1.2280490138666904,1.2565970157971011,1.270101526694573
233,2340,1.2280490138666904,1.2565970157971011,1.270101526694573
234,2350,1.2280490138666904,1.2565970157971011,1.270101526694573
235,2360,1.2280490138666904,1.2565970157971011,1.270101526694573
236,2370,1.2280490138666904,1.2565970157971011,1.270101526694573
237,2380,1.2280490138666904,1.2565970157971011,1.270101526694573
238,2390,1.2280490138666904,1.2565970157971011,1.270101526694573
239,2400,1.2280490138666904,1.2565970157971011,1.270101526694573
240,2410,1.2280490138666904,1.2565970157971011,1.270101526694573
241,2420,1.2280490138666904,1.2565970157971011,1.270101526694573
242,2430,1.2280490138666904,1.2565970157971011,1.270101526694573
243,2440,1.2280490138666904,1.2565970157971011,1.270101526694573
244,2450,1.2280490138666904,1.2565970157971011,1.270101526694573
245,2460,1.2280490138666904,1.2565970157971011,1.270101526694573
246,2470,1.2280490138666904,1.2565970157971011,1.270101526694573
247,2480,1.2280490138666904,1.2565970157971011,1.270101526694573
248,2490,1.2280490138666904,1.2565970157971011,1.270101526694573
249,2500,1.2280490138666904,1.2565970157971011,1.270101526694573
250,2510,1.2280490138666904,1.2565970157971011,1.270101526694573
251,2520,1.2280490138666904,1.253733677657098,1.2693046256783895
252,2530,1.2280490138666904,1.253733677657098,1.2693046256783895
253,2540,1.2280490138666904,1.253733677657098,1.2693046256783895
254,2550,1.2280490138666904,1.253733677657098,1.2693046256783895
255,2560,1.2280490138666904,1.253733677657098,1.2693046256783895
256,2570,1.2280490138666904,1.253733677657098,1.2693046256783895
257,2580,1.2280490138666904,1.253733677657098,1.2693046256783895
258,2590,1.2280490138666904,1.253733677657098,1.2693046256783895
259,2600,1.2280490138666904,1.253733677657098,1.2693046256783895
260,2610,1.2280490138666904,1.253733677657098,1.2693046256783895
261,2620,1.2280490138666904,1.253037920608847,1.2692657520364805
262,2630,1.2280490138666904,1.253037920608847,1.2692657520364805
263,2640,1.2280490138666904,1.253037920608847,1.2692657520364805
264,2650,1.2280490138666904,1.253037920608847,1.2692657520364805
265,2660,1.2280490138666904,1.253037920608847,1.2692657520364805
266,2670,1.2280490138666904,1.253037920608847,1.2692657520364805
267,2680,1.2280490138666904,1.253037920608847,1.2692657520364805
268,2690,1.2280490138666904,1.2524893102843846,1.2673255843643307
269,2700,1.2280490138666904,1.2516225992898204,1.2637796487918596
270,2710,1.2280490138666904,1.2516225992898204,1.2637796487918596
271,2720,1.2280490138666904,1.2516225992898204,1.2637796487918596
272,2730,1.2280490138666904,1.2505413046126372,1.2629384861618986
273,2740,1.2280490138666904,1.2505413046126372,1.2629384861618986
274,2750,1.2280490138666904,1.2505413046126372,1.2629384861618986
275,2760,1.2280490138666904,1.2505413046126372,1.2629384861618986
276,2770,1.2280490138666904,1.2505413046126372,1.2629384861618986
277,2780,1.2280490138666904,1.2505413046126372,1.2629384861618986
278,2790,1.2280490138666904,1.2505413046126372,1.2629384861618986
279,2800,1.2280490138666904,1.2505413046126372,1.2629384861618986
280,2810,1.2280490138666904,1.2505413046126372,1.2629384861618986
281,2820,1.2280490138666904,1.2505413046126372,1.2629384861618986
282,2830,1.2280490138666904,1.2505413046126372,1.2629384861618986
283,2840,1.2280490138666904,1.2505413046126372,1.2629384861618986
284,2850,1.2280490138666904,1.2505413046126372,1.2629384861618986
285,2860,1.2280490138666904,1.2505413046126372,1.2629384861618986
286,2870,1.2280490138666904,1.249612760629154,1.262347055195878
287,2880,1.2280490138666904,1.249612760629154,1.262347055195878
288,2890,1.2280490138666904,1.249612760629154,1.262347055195878
289,2900,1.2280490138666904,1.249612760629154,1.262347055195878
290,2910,1.2280490138666904,1.249612760629154,1.262347055195878
291,2920,1.2280490138666904,1.249612760629154,1.262347055195878
292,2930,1.2280490138666904,1.249612760629154,1.262347055195878
293,2940,1.2280490138666904,1.249612760629154,1.262347055195878
294,2950,1.2280490138666904,1.2482022021088301,1.258686244510059
295,2960,1.2280490138666904,1.2482022021088301,1.258686244510059
296,2970,1.2280490138666904,1.2482022021088301,1.258686244510059
297,2980,1.2280490138666904,1.2482022021088301,1.258686244510059
298,2990,1.2280490138666904,1.2482022021088301,1.258686244510059
299,3000,1.2280490138666904,1.2477789757848137,1.2586584744186886
300,3010,1.2280490138666904,1.2477789757848137,1.2586584744186886
301,3020,1.2280490138666904,1.2477789757848137,1.2586584744186886
302,3030,1.2280490138666904,1.2477789757848137,1.2586584744186886
303,3040,1.2280490138666904,1.2477789757848137,1.2586584744186886
304,3050,1.2280490138666904,1.2477789757848137,1.2586584744186886
305,3060,1.2280490138666904,1.2477789757848137,1.2586584744186886
306,3070,1.2280490138666904,1.2477789757848137,1.2586584744186886
307,3080,1.2280490138666904,1.2477789757848137,1.2586584744186886
308,3090,1.2280490138666904,1.2477789757848137,1.2586584744186886
309,3100,1.2280490138666904,1.2477789757848137,1.2586584744186886
310,3110,1.2280490138666904,1.2477789757848137,1.2586584744186886
311,3120,1.2280490138666904,1.2477789757848137,1.2586584744186886
312,3130,1.2280490138666904,1.2476185078949136,1.2572770019732682
313,3140,1.2280490138666904,1.2476185078949136,1.2572770019732682
314,3150,1.2280490138666904,1.2476185078949136,1.2572770019732682
315,3160,1.2280490138666904,1.2476185078949136,1.2572770019732682
316,3170,1.2280490138666904,1.2476185078949136,1.2572770019732682
317,3180,1.2280490138666904,1.2470715466266828,1.2570537955196897
318,3190,1.2280490138666904,1.2470715466266828,1.2570537955196897
319,3200,1.2280490138666904,1.2470715466266828,1.2570537955196897
320,3210,1.2280490138666904,1.2470715466266828,1.2570537955196897
321,3220,1.2280490138666904,1.2470715466266828,1.2570537955196897
322,3230,1.2280490138666904,1.2470715466266828,1.2570537955196897
323,3240,1.2280490138666904,1.2470715466266828,1.2570537955196897
324,3250,1.2280490138666904,1.2470715466266828,1.2570537955196897
325,3260,1.2280490138666904,1.2470715466266828,1.2570537955196897
326,3270,1.2280490138666904,1.2470715466266828,1.2570537955196897
327,3280,1.2280490138666904,1.2470715466266828,1.2570537955196897
328,3290,1.2280490138666904,1.2470715466266828,1.2570537955196897
329,3300,1.2280490138666904,1.2466931993693788,1.2544539812698914
330,3310,1.2280490138666904,1.2466931993693788,1.2544539812698914
331,3320,1.2280490138666904,1.2466931993693788,1.2544539812698914
332,3330,1.2280490138666904,1.2466931993693788,1.2544539812698914
333,3340,1.2280490138666904,1.2466931993693788,1.2544539812698914
334,3350,1.2280490138666904,1.2466931993693788,1.2544539812698914
335,3360,1.2280490138666904,1.2466931993693788,1.2544539812698914
336,3370,1.2280490138666904,1.2466931993693788,1.2544539812698914
337,3380,1.2280490138666904,1.2466931993693788,1.2544539812698914
338,3390,1.2280490138666904,1.2466931993693788,1.2544539812698914
339,3400,1.2280490138666904,1.2466931993693788,1.2544539812698914
340,3410,1.2280490138666904,1.2466931993693788,1.2544539812698914
341,3420,1.2280490138666904,1.2466931993693788,1.2544539812698914
342,3430,1.2280490138666904,1.2466931993693788,1.2544539812698914
343,3440,1.2280490138666904,1.2466931993693788,1.2544539812698914
344,3450,1.2280490138666904,1.2466931993693788,1.2544539812698914
345,3460,1.2280490138666904,1.2466931993693788,1.2544539812698914
346,3470,1.2280490138666904,1.2466931993693788,1.2544539812698914
347,3480,1.2280490138666904,1.2446039745784017,1.253653046327069
348,3490,1.2280490138666904,1.2436166506449575,1.2532703229466489
349,3500,1.2280490138666904,1.2436166506449575,1.2532703229466489
350,3510,1.2280490138666904,1.2436166506449575,1.2532703229466489
351,3520,1.2280490138666904,1.2436166506449575,1.2532703229466489
352,3530,1.2280490138666904,1.2436166506449575,1.2532703229466489
353,3540,1.2280490138666904,1.2436166506449575,1.2532703229466489
354,3550,1.2280490138666904,1.2436166506449575,1.2532703229466489
355,3560,1.2280490138666904,1.2436166506449575,1.2532703229466489
356,3570,1.2280490138666904,1.2436166506449575,1.2532703229466489
357,3580,1.2280490138666904,1.2436166506449575,1.2532703229466489
358,3590,1.2280490138666904,1.2436166506449575,1.2532703229466489
359,3600,1.2280490138666904,1.2436166506449575,1.2532703229466489
360,3610,1.2280490138666904,1.2436166506449575,1.2532703229466489
361,3620,1.2280490138666904,1.2436166506449575,1.2532703229466489
362,3630,1.2280490138666904,1.2436166506449575,1.2532703229466489
363,3640,1.2280490138666904,1.2436166506449575,1.2532703229466489
364,3650,1.2280490138666904,1.2436166506449575,1.2532703229466489
365,3660,1.2280490138666904,1.2434672115368905,1.2529667020200272
366,3670,1.2280490138666904,1.2434672115368905,1.2529667020200272
367,3680,1.2280490138666904,1.2434672115368905,1.2529667020200272
368,3690,1.2280490138666904,1.2434672115368905,1.2529667020200272
369,3700,1.2280490138666904,1.2434672115368905,1.2529667020200272
370,3710,1.2280490138666904,1.2434672115368905,1.2529667020200272
371,3720,1.2280490138666904,1.2434672115368905,1.2529667020200272
372,3730,1.2280490138666904,1.2434672115368905,1.2529667020200272
373,3740,1.2280490138666904,1.2434672115368905,1.2529667020200272
374,3750,1.2280490138666904,1.2434672115368905,1.2529667020200272
375,3760,1.2280490138666904,1.2434672115368905,1.2529667020200272
376,3770,1.2280490138666904,1.2434672115368905,1.2529667020200272
377,3780,1.2280490138666904,1.2434672115368905,1.2529667020200272
378,3790,1.2280490138666904,1.2434672115368905,1.2529667020200272
379,3800,1.2280490138666904,1.2434672115368905,1.2529667020200272
380,3810,1.2280490138666904,1.2434672115368905,1.2529667020200272
381,3820,1.2280490138666904,1.2434672115368905,1.2529667020200272
382,3830,1.2280490138666904,1.2434672115368905,1.2529667020200272
383,3840,1.2280490138666904,1.2434672115368905,1.2529667020200272
384,3850,1.2280490138666904,1.2434672115368905,1.2529667020200272
385,3860,1.2280490138666904,1.2434672115368905,1.2529667020200272
386,3870,1.2280490138666904,1.2434672115368905,1.2529667020200272
387,3880,1.2280490138666904,1.2434672115368905,1.2529667020200272
388,3890,1.2280490138666904,1.2434672115368905,1.2529667020200272
