method,seed,patience,delta,stop_generation,stop_evaluations,best_at_stop,best_at_end,lost_by_stopping
ea_sigma_0.02,1,25,0.001,346,3470,1.2918,1.1772,0.1146
ea_sigma_0.02,1,25,0.005,318,3190,1.2942,1.1772,0.1171
ea_sigma_0.02,1,25,0.01,318,3190,1.2942,1.1772,0.1171
ea_sigma_0.02,1,50,0.001,595,5960,1.2014,1.1772,0.0243
ea_sigma_0.02,1,50,0.005,343,3440,1.2918,1.1772,0.1146
ea_sigma_0.02,1,50,0.01,343,3440,1.2918,1.1772,0.1146
ea_sigma_0.02,1,100,0.001,897,8980,1.1772,1.1772,0.0000
ea_sigma_0.02,1,100,0.005,645,6460,1.1980,1.1772,0.0209
ea_sigma_0.02,1,100,0.01,581,5820,1.2014,1.1772,0.0243
ea_sigma_0.02,1,200,0.001,997,9980,1.1772,1.1772,0.0000
ea_sigma_0.02,1,200,0.005,997,9980,1.1772,1.1772,0.0000
ea_sigma_0.02,1,200,0.01,930,9310,1.1772,1.1772,0.0000
ea_sigma_0.02,2,25,0.001,325,3260,0.1923,0.0769,0.1154
ea_sigma_0.02,2,25,0.005,325,3260,0.1923,0.0769,0.1154
ea_sigma_0.02,2,25,0.01,195,1960,0.4121,0.0769,0.3352
ea_sigma_0.02,2,50,0.001,497,4980,0.1390,0.0769,0.0622
ea_sigma_0.02,2,50,0.005,465,4660,0.1390,0.0769,0.0622
ea_sigma_0.02,2,50,0.01,350,3510,0.1831,0.0769,0.1062
ea_sigma_0.02,2,100,0.001,969,9700,0.0769,0.0769,0.0000
ea_sigma_0.02,2,100,0.005,515,5160,0.1390,0.0769,0.0622
ea_sigma_0.02,2,100,0.01,515,5160,0.1390,0.0769,0.0622
ea_sigma_0.02,2,200,0.001,,,0.0769,0.0769,0.0000
ea_sigma_0.02,2,200,0.005,,,0.0769,0.0769,0.0000
ea_sigma_0.02,2,200,0.01,,,0.0769,0.0769,0.0000
ea_sigma_0.02,3,25,0.001,220,2210,1.4572,1.3477,0.1094
ea_sigma_0.02,3,25,0.005,199,2000,1.4572,1.3477,0.1094
ea_sigma_0.02,3,25,0.01,110,1110,1.5279,1.3477,0.1802
ea_sigma_0.02,3,50,0.001,378,3790,1.4331,1.3477,0.0854
ea_sigma_0.02,3,50,0.005,224,2250,1.4572,1.3477,0.1094
ea_sigma_0.02,3,50,0.01,245,2460,1.4524,1.3477,0.1047
ea_sigma_0.02,3,100,0.001,698,6990,1.3870,1.3477,0.0393
ea_sigma_0.02,3,100,0.005,698,6990,1.3870,1.3477,0.0393
ea_sigma_0.02,3,100,0.01,625,6260,1.3870,1.3477,0.0393
ea_sigma_0.02,3,200,0.001,,,1.3477,1.3477,0.0000
ea_sigma_0.02,3,200,0.005,,,1.3477,1.3477,0.0000
ea_sigma_0.02,3,200,0.01,725,7260,1.3870,1.3477,0.0393
ea_sigma_0.05,1,25,0.001,497,4980,0.0432,0.0039,0.0393
ea_sigma_0.05,1,25,0.005,497,4980,0.0432,0.0039,0.0393
ea_sigma_0.05,1,25,0.01,281,2820,0.6369,0.0039,0.6329
ea_sigma_0.05,1,50,0.001,560,5610,0.0113,0.0039,0.0074
ea_sigma_0.05,1,50,0.005,555,5560,0.0113,0.0039,0.0074
ea_sigma_0.05,1,50,0.01,555,5560,0.0113,0.0039,0.0074
ea_sigma_0.05,1,100,0.001,705,7060,0.0080,0.0039,0.0041
ea_sigma_0.05,1,100,0.005,605,6060,0.0080,0.0039,0.0041
ea_sigma_0.05,1,100,0.01,605,6060,0.0080,0.0039,0.0041
ea_sigma_0.05,1,200,0.001,805,8060,0.0080,0.0039,0.0041
ea_sigma_0.05,1,200,0.005,705,7060,0.0080,0.0039,0.0041
ea_sigma_0.05,1,200,0.01,705,7060,0.0080,0.0039,0.0041
ea_sigma_0.05,2,25,0.001,144,1450,0.4738,0.1922,0.2816
ea_sigma_0.05,2,25,0.005,144,1450,0.4738,0.1922,0.2816
ea_sigma_0.05,2,25,0.01,144,1450,0.4738,0.1922,0.2816
ea_sigma_0.05,2,50,0.001,531,5320,0.2704,0.1922,0.0782
ea_sigma_0.05,2,50,0.005,531,5320,0.2704,0.1922,0.0782
ea_sigma_0.05,2,50,0.01,398,3990,0.3144,0.1922,0.1222
ea_sigma_0.05,2,100,0.001,,,0.1922,0.1922,0.0000
ea_sigma_0.05,2,100,0.005,784,7850,0.2235,0.1922,0.0313
ea_sigma_0.05,2,100,0.01,558,5590,0.2704,0.1922,0.0782
ea_sigma_0.05,2,200,0.001,,,0.1922,0.1922,0.0000
ea_sigma_0.05,2,200,0.005,,,0.1922,0.1922,0.0000
ea_sigma_0.05,2,200,0.01,,,0.1922,0.1922,0.0000
ea_sigma_0.05,3,25,0.001,77,780,1.5240,1.3741,0.1499
ea_sigma_0.05,3,25,0.005,77,780,1.5240,1.3741,0.1499
ea_sigma_0.05,3,25,0.01,77,780,1.5240,1.3741,0.1499
ea_sigma_0.05,3,50,0.001,234,2350,1.4057,1.3741,0.0316
ea_sigma_0.05,3,50,0.005,234,2350,1.4057,1.3741,0.0316
ea_sigma_0.05,3,50,0.01,234,2350,1.4057,1.3741,0.0316
ea_sigma_0.05,3,100,0.001,284,2850,1.4057,1.3741,0.0316
ea_sigma_0.05,3,100,0.005,284,2850,1.4057,1.3741,0.0316
ea_sigma_0.05,3,100,0.01,284,2850,1.4057,1.3741,0.0316
ea_sigma_0.05,3,200,0.001,729,7300,1.3802,1.3741,0.0060
ea_sigma_0.05,3,200,0.005,703,7040,1.3802,1.3741,0.0060
ea_sigma_0.05,3,200,0.01,729,7300,1.3802,1.3741,0.0060
ea_sigma_0.1,1,25,0.001,143,1440,0.9822,0.0785,0.9037
ea_sigma_0.1,1,25,0.005,104,1050,1.0231,0.0785,0.9446
ea_sigma_0.1,1,25,0.01,104,1050,1.0231,0.0785,0.9446
ea_sigma_0.1,1,50,0.001,168,1690,0.9822,0.0785,0.9037
ea_sigma_0.1,1,50,0.005,168,1690,0.9822,0.0785,0.9037
ea_sigma_0.1,1,50,0.01,168,1690,0.9822,0.0785,0.9037
ea_sigma_0.1,1,100,0.001,218,2190,0.9822,0.0785,0.9037
ea_sigma_0.1,1,100,0.005,218,2190,0.9822,0.0785,0.9037
ea_sigma_0.1,1,100,0.01,218,2190,0.9822,0.0785,0.9037
ea_sigma_0.1,1,200,0.001,854,8550,0.0785,0.0785,0.0000
ea_sigma_0.1,1,200,0.005,854,8550,0.0785,0.0785,0.0000
ea_sigma_0.1,1,200,0.01,854,8550,0.0785,0.0785,0.0000
ea_sigma_0.1,2,25,0.001,295,2960,0.4479,0.2666,0.1813
ea_sigma_0.1,2,25,0.005,295,2960,0.4479,0.2666,0.1813
ea_sigma_0.1,2,25,0.01,137,1380,0.6882,0.2666,0.4216
ea_sigma_0.1,2,50,0.001,320,3210,0.4479,0.2666,0.1813
ea_sigma_0.1,2,50,0.005,320,3210,0.4479,0.2666,0.1813
ea_sigma_0.1,2,50,0.01,320,3210,0.4479,0.2666,0.1813
ea_sigma_0.1,2,100,0.001,442,4430,0.3967,0.2666,0.1301
ea_sigma_0.1,2,100,0.005,442,4430,0.3967,0.2666,0.1301
ea_sigma_0.1,2,100,0.01,442,4430,0.3967,0.2666,0.1301
ea_sigma_0.1,2,200,0.001,793,7940,0.3602,0.2666,0.0936
ea_sigma_0.1,2,200,0.005,793,7940,0.3602,0.2666,0.0936
ea_sigma_0.1,2,200,0.01,738,7390,0.3602,0.2666,0.0936
ea_sigma_0.1,3,25,0.001,65,660,1.4780,1.3702,0.1078
ea_sigma_0.1,3,25,0.005,65,660,1.4780,1.3702,0.1078
ea_sigma_0.1,3,25,0.01,65,660,1.4780,1.3702,0.1078
ea_sigma_0.1,3,50,0.001,90,910,1.4780,1.3702,0.1078
ea_sigma_0.1,3,50,0.005,90,910,1.4780,1.3702,0.1078
ea_sigma_0.1,3,50,0.01,90,910,1.4780,1.3702,0.1078
ea_sigma_0.1,3,100,0.001,516,5170,1.4259,1.3702,0.0557
ea_sigma_0.1,3,100,0.005,195,1960,1.4701,1.3702,0.0999
ea_sigma_0.1,3,100,0.01,140,1410,1.4729,1.3702,0.1027
ea_sigma_0.1,3,200,0.001,616,6170,1.4259,1.3702,0.0557
ea_sigma_0.1,3,200,0.005,535,5360,1.4259,1.3702,0.0557
ea_sigma_0.1,3,200,0.01,535,5360,1.4259,1.3702,0.0557
ea_sigma_0.2,1,25,0.001,223,2240,0.5431,0.2205,0.3226
ea_sigma_0.2,1,25,0.005,223,2240,0.5431,0.2205,0.3226
ea_sigma_0.2,1,25,0.01,223,2240,0.5431,0.2205,0.3226
ea_sigma_0.2,1,50,0.001,312,3130,0.4087,0.2205,0.1882
ea_sigma_0.2,1,50,0.005,312,3130,0.4087,0.2205,0.1882
ea_sigma_0.2,1,50,0.01,312,3130,0.4087,0.2205,0.1882
ea_sigma_0.2,1,100,0.001,578,5790,0.2482,0.2205,0.0277
ea_sigma_0.2,1,100,0.005,444,4450,0.3213,0.2205,0.1008
ea_sigma_0.2,1,100,0.01,444,4450,0.3213,0.2205,0.1008
ea_sigma_0.2,1,200,0.001,678,6790,0.2482,0.2205,0.0277
ea_sigma_0.2,1,200,0.005,678,6790,0.2482,0.2205,0.0277
ea_sigma_0.2,1,200,0.01,678,6790,0.2482,0.2205,0.0277
ea_sigma_0.2,2,25,0.001,80,810,1.0893,0.7113,0.3780
ea_sigma_0.2,2,25,0.005,80,810,1.0893,0.7113,0.3780
ea_sigma_0.2,2,25,0.01,80,810,1.0893,0.7113,0.3780
ea_sigma_0.2,2,50,0.001,188,1890,0.9840,0.7113,0.2727
ea_sigma_0.2,2,50,0.005,188,1890,0.9840,0.7113,0.2727
ea_sigma_0.2,2,50,0.01,188,1890,0.9840,0.7113,0.2727
ea_sigma_0.2,2,100,0.001,355,3560,0.7728,0.7113,0.0615
ea_sigma_0.2,2,100,0.005,355,3560,0.7728,0.7113,0.0615
ea_sigma_0.2,2,100,0.01,355,3560,0.7728,0.7113,0.0615
ea_sigma_0.2,2,200,0.001,455,4560,0.7728,0.7113,0.0615
ea_sigma_0.2,2,200,0.005,455,4560,0.7728,0.7113,0.0615
ea_sigma_0.2,2,200,0.01,455,4560,0.7728,0.7113,0.0615
ea_sigma_0.2,3,25,0.001,58,590,1.4968,1.3285,0.1684
ea_sigma_0.2,3,25,0.005,58,590,1.4968,1.3285,0.1684
ea_sigma_0.2,3,25,0.01,58,590,1.4968,1.3285,0.1684
ea_sigma_0.2,3,50,0.001,83,840,1.4968,1.3285,0.1684
ea_sigma_0.2,3,50,0.005,83,840,1.4968,1.3285,0.1684
ea_sigma_0.2,3,50,0.01,83,840,1.4968,1.3285,0.1684
ea_sigma_0.2,3,100,0.001,133,1340,1.4968,1.3285,0.1684
ea_sigma_0.2,3,100,0.005,133,1340,1.4968,1.3285,0.1684
ea_sigma_0.2,3,100,0.01,133,1340,1.4968,1.3285,0.1684
ea_sigma_0.2,3,200,0.001,449,4500,1.3970,1.3285,0.0685
ea_sigma_0.2,3,200,0.005,449,4500,1.3970,1.3285,0.0685
ea_sigma_0.2,3,200,0.01,449,4500,1.3970,1.3285,0.0685
ea_sigma_0.5,1,25,0.001,49,500,1.2473,0.4754,0.7718
ea_sigma_0.5,1,25,0.005,49,500,1.2473,0.4754,0.7718
ea_sigma_0.5,1,25,0.01,49,500,1.2473,0.4754,0.7718
ea_sigma_0.5,1,50,0.001,207,2080,0.6993,0.4754,0.2239
ea_sigma_0.5,1,50,0.005,207,2080,0.6993,0.4754,0.2239
ea_sigma_0.5,1,50,0.01,207,2080,0.6993,0.4754,0.2239
ea_sigma_0.5,1,100,0.001,257,2580,0.6993,0.4754,0.2239
ea_sigma_0.5,1,100,0.005,257,2580,0.6993,0.4754,0.2239
ea_sigma_0.5,1,100,0.01,257,2580,0.6993,0.4754,0.2239
ea_sigma_0.5,1,200,0.001,692,6930,0.5100,0.4754,0.0346
ea_sigma_0.5,1,200,0.005,692,6930,0.5100,0.4754,0.0346
ea_sigma_0.5,1,200,0.01,625,6260,0.5100,0.4754,0.0346
ea_sigma_0.5,2,25,0.001,142,1430,0.6681,0.5375,0.1305
ea_sigma_0.5,2,25,0.005,109,1100,0.7952,0.5375,0.2577
ea_sigma_0.5,2,25,0.01,109,1100,0.7952,0.5375,0.2577
ea_sigma_0.5,2,50,0.001,167,1680,0.6681,0.5375,0.1305
ea_sigma_0.5,2,50,0.005,167,1680,0.6681,0.5375,0.1305
ea_sigma_0.5,2,50,0.01,167,1680,0.6681,0.5375,0.1305
ea_sigma_0.5,2,100,0.001,404,4050,0.6240,0.5375,0.0864
ea_sigma_0.5,2,100,0.005,404,4050,0.6240,0.5375,0.0864
ea_sigma_0.5,2,100,0.01,404,4050,0.6240,0.5375,0.0864
ea_sigma_0.5,2,200,0.001,504,5050,0.6240,0.5375,0.0864
ea_sigma_0.5,2,200,0.005,504,5050,0.6240,0.5375,0.0864
ea_sigma_0.5,2,200,0.01,504,5050,0.6240,0.5375,0.0864
ea_sigma_0.5,3,25,0.001,85,860,0.8305,0.3428,0.4877
ea_sigma_0.5,3,25,0.005,85,860,0.8305,0.3428,0.4877
ea_sigma_0.5,3,25,0.01,85,860,0.8305,0.3428,0.4877
ea_sigma_0.5,3,50,0.001,151,1520,0.7509,0.3428,0.4082
ea_sigma_0.5,3,50,0.005,151,1520,0.7509,0.3428,0.4082
ea_sigma_0.5,3,50,0.01,151,1520,0.7509,0.3428,0.4082
ea_sigma_0.5,3,100,0.001,201,2020,0.7509,0.3428,0.4082
ea_sigma_0.5,3,100,0.005,201,2020,0.7509,0.3428,0.4082
ea_sigma_0.5,3,100,0.01,201,2020,0.7509,0.3428,0.4082
ea_sigma_0.5,3,200,0.001,939,9400,0.3523,0.3428,0.0095
ea_sigma_0.5,3,200,0.005,939,9400,0.3523,0.3428,0.0095
ea_sigma_0.5,3,200,0.01,939,9400,0.3523,0.3428,0.0095
ea_sigma_1,1,25,0.001,67,680,1.2476,0.5312,0.7165
ea_sigma_1,1,25,0.005,67,680,1.2476,0.5312,0.7165
ea_sigma_1,1,25,0.01,67,680,1.2476,0.5312,0.7165
ea_sigma_1,1,50,0.001,258,2590,0.7259,0.5312,0.1948
ea_sigma_1,1,50,0.005,92,930,1.2440,0.5312,0.7129
ea_sigma_1,1,50,0.01,92,930,1.2440,0.5312,0.7129
ea_sigma_1,1,100,0.001,308,3090,0.7259,0.5312,0.1948
ea_sigma_1,1,100,0.005,308,3090,0.7259,0.5312,0.1948
ea_sigma_1,1,100,0.01,308,3090,0.7259,0.5312,0.1948
ea_sigma_1,1,200,0.001,647,6480,0.5312,0.5312,0.0000
ea_sigma_1,1,200,0.005,647,6480,0.5312,0.5312,0.0000
ea_sigma_1,1,200,0.01,647,6480,0.5312,0.5312,0.0000
ea_sigma_1,2,25,0.001,69,700,1.6124,1.4625,0.1499
ea_sigma_1,2,25,0.005,69,700,1.6124,1.4625,0.1499
ea_sigma_1,2,25,0.01,69,700,1.6124,1.4625,0.1499
ea_sigma_1,2,50,0.001,94,950,1.6124,1.4625,0.1499
ea_sigma_1,2,50,0.005,94,950,1.6124,1.4625,0.1499
ea_sigma_1,2,50,0.01,94,950,1.6124,1.4625,0.1499
ea_sigma_1,2,100,0.001,269,2700,1.5220,1.4625,0.0594
ea_sigma_1,2,100,0.005,269,2700,1.5220,1.4625,0.0594
ea_sigma_1,2,100,0.01,269,2700,1.5220,1.4625,0.0594
ea_sigma_1,2,200,0.001,830,8310,1.4625,1.4625,0.0000
ea_sigma_1,2,200,0.005,830,8310,1.4625,1.4625,0.0000
ea_sigma_1,2,200,0.01,830,8310,1.4625,1.4625,0.0000
ea_sigma_1,3,25,0.001,50,510,1.2930,0.8594,0.4336
ea_sigma_1,3,25,0.005,50,510,1.2930,0.8594,0.4336
ea_sigma_1,3,25,0.01,50,510,1.2930,0.8594,0.4336
ea_sigma_1,3,50,0.001,163,1640,0.8940,0.8594,0.0346
ea_sigma_1,3,50,0.005,163,1640,0.8940,0.8594,0.0346
ea_sigma_1,3,50,0.01,163,1640,0.8940,0.8594,0.0346
ea_sigma_1,3,100,0.001,213,2140,0.8940,0.8594,0.0346
ea_sigma_1,3,100,0.005,213,2140,0.8940,0.8594,0.0346
ea_sigma_1,3,100,0.01,213,2140,0.8940,0.8594,0.0346
ea_sigma_1,3,200,0.001,313,3140,0.8940,0.8594,0.0346
ea_sigma_1,3,200,0.005,313,3140,0.8940,0.8594,0.0346
ea_sigma_1,3,200,0.01,313,3140,0.8940,0.8594,0.0346
