method,mutation_strength,evaluations,n,mean,std,min,max,seeds_better_than_random_search
ea_sigma_0.02,0.02,110,3,1.7829,0.0991,1.7080,1.8953,0/3
ea_sigma_0.02,0.02,510,3,1.6543,0.1139,1.5868,1.7857,0/3
ea_sigma_0.02,0.02,1010,3,1.4498,0.1766,1.2474,1.5724,2/3
ea_sigma_0.02,0.02,2010,3,1.0971,0.6042,0.3996,1.4572,2/3
ea_sigma_0.02,0.02,5010,3,0.9170,0.6808,0.1390,1.4039,3/3
ea_sigma_0.02,0.02,10010,3,0.8672,0.6898,0.0769,1.3477,2/3
ea_sigma_0.05,0.05,110,3,1.6972,0.0772,1.6302,1.7816,0/3
ea_sigma_0.05,0.05,510,3,1.4985,0.0602,1.4293,1.5386,1/3
ea_sigma_0.05,0.05,1010,3,1.0971,0.4717,0.5696,1.4783,3/3
ea_sigma_0.05,0.05,2010,3,0.8643,0.5040,0.4087,1.4057,3/3
ea_sigma_0.05,0.05,5010,3,0.5639,0.7266,0.0300,1.3913,3/3
ea_sigma_0.05,0.05,10010,3,0.5234,0.7427,0.0039,1.3741,2/3
ea_sigma_0.1,0.1,110,3,1.6216,0.0681,1.5536,1.6899,0/3
ea_sigma_0.1,0.1,510,3,1.2905,0.1812,1.1167,1.4784,3/3
ea_sigma_0.1,0.1,1010,3,1.0755,0.3739,0.7305,1.4729,3/3
ea_sigma_0.1,0.1,2010,3,1.0015,0.4593,0.5522,1.4701,3/3
ea_sigma_0.1,0.1,5010,3,0.7256,0.6068,0.3542,1.4259,3/3
ea_sigma_0.1,0.1,10010,3,0.5718,0.6978,0.0785,1.3702,2/3
ea_sigma_0.2,0.2,110,3,1.5943,0.0955,1.4992,1.6902,1/3
ea_sigma_0.2,0.2,510,3,1.3342,0.1632,1.1704,1.4968,3/3
ea_sigma_0.2,0.2,1010,3,1.1982,0.2586,1.0454,1.4968,3/3
ea_sigma_0.2,0.2,2010,3,0.9704,0.4418,0.5431,1.4254,3/3
ea_sigma_0.2,0.2,5010,3,0.8052,0.5738,0.2482,1.3945,3/3
ea_sigma_0.2,0.2,10010,3,0.7534,0.5552,0.2205,1.3285,3/3
ea_sigma_0.5,0.5,110,3,1.5371,0.2183,1.3968,1.7886,2/3
ea_sigma_0.5,0.5,510,3,1.1443,0.0933,1.0653,1.2473,3/3
ea_sigma_0.5,0.5,1010,3,0.8852,0.1300,0.7952,1.0342,3/3
ea_sigma_0.5,0.5,2010,3,0.7046,0.0439,0.6636,0.7509,3/3
ea_sigma_0.5,0.5,5010,3,0.5649,0.0571,0.5100,0.6240,3/3
ea_sigma_0.5,0.5,10010,3,0.4519,0.0995,0.3428,0.5375,3/3
ea_sigma_1,1.0,110,3,1.6869,0.0644,1.6432,1.7608,0/3
ea_sigma_1,1.0,510,3,1.3843,0.1988,1.2476,1.6124,2/3
ea_sigma_1,1.0,1010,3,1.2802,0.3120,0.9934,1.6124,2/3
ea_sigma_1,1.0,2010,3,1.0598,0.4055,0.7635,1.5220,2/3
ea_sigma_1,1.0,5010,3,0.9738,0.4874,0.5312,1.4962,2/3
ea_sigma_1,1.0,10010,3,0.9510,0.4724,0.5312,1.4625,2/3
random_search,,110,3,1.5084,0.0703,1.4274,1.5531,
random_search,,510,3,1.4645,0.0771,1.4129,1.5531,
random_search,,1010,3,1.4645,0.0771,1.4129,1.5531,
random_search,,2010,3,1.4645,0.0771,1.4129,1.5531,
random_search,,5010,3,1.4408,0.0511,1.3977,1.4972,
random_search,,10010,3,1.1587,0.1931,0.9721,1.3577,
