method,seed,gen_1_50,gen_51_200,gen_201_500,gen_501_1000
ea_sigma_0.02,1,0.292,0.189,0.091,0.021
ea_sigma_0.02,2,0.384,0.255,0.050,0.013
ea_sigma_0.02,3,0.314,0.107,0.044,0.025
ea_sigma_0.05,1,0.312,0.186,0.093,0.008
ea_sigma_0.05,2,0.334,0.135,0.024,0.013
ea_sigma_0.05,3,0.202,0.051,0.012,0.005
ea_sigma_0.1,1,0.170,0.042,0.039,0.015
ea_sigma_0.1,2,0.202,0.072,0.017,0.009
ea_sigma_0.1,3,0.146,0.012,0.012,0.005
ea_sigma_0.2,1,0.184,0.074,0.017,0.006
ea_sigma_0.2,2,0.138,0.041,0.013,0.005
ea_sigma_0.2,3,0.136,0.021,0.010,0.008
ea_sigma_0.5,1,0.118,0.030,0.009,0.003
ea_sigma_0.5,2,0.124,0.030,0.006,0.001
ea_sigma_0.5,3,0.160,0.033,0.011,0.008
ea_sigma_1,1,0.122,0.020,0.008,0.002
ea_sigma_1,2,0.100,0.027,0.012,0.003
ea_sigma_1,3,0.098,0.024,0.005,0.003
