evaluations,ea_sigma_0.1_mean,ea_sigma_0.1_std,ea_sigma_0.5_mean,ea_sigma_0.5_std,random_search_mean,random_search_std
10,1.868074,0.078540,1.868074,0.078540,1.868074,0.078540
20,1.826347,0.076020,1.809811,0.098297,1.799260,0.075679
30,1.794889,0.070479,1.789088,0.086477,1.743863,0.101296
40,1.745120,0.112281,1.756240,0.103516,1.743863,0.101296
50,1.743318,0.111734,1.711517,0.130818,1.740139,0.095721
60,1.702513,0.118776,1.652152,0.081331,1.738215,0.095851
70,1.656345,0.147011,1.652152,0.081331,1.738215,0.095851
80,1.635625,0.171833,1.650178,0.081985,1.734442,0.096664
90,1.632341,0.170530,1.628413,0.062984,1.734442,0.096664
100,1.622719,0.190343,1.585053,0.102378,1.705862,0.092590
110,1.598580,0.178064,1.585053,0.102378,1.698812,0.098177
120,1.577299,0.223397,1.584353,0.102058,1.698812,0.098177
130,1.571311,0.221748,1.574693,0.111323,1.691656,0.084719
140,1.571311,0.221748,1.531487,0.101415,1.684930,0.084384
150,1.571235,0.221704,1.486964,0.106737,1.684930,0.084384
160,1.559760,0.246318,1.483975,0.107415,1.658199,0.094857
170,1.555492,0.243980,1.483975,0.107415,1.658199,0.094857
180,1.537706,0.252545,1.469888,0.124556,1.658199,0.094857
190,1.536949,0.252282,1.469888,0.124556,1.653443,0.085133
200,1.517507,0.232822,1.469888,0.124556,1.653443,0.085133
210,1.512228,0.230050,1.469888,0.124556,1.652436,0.083103
220,1.512228,0.230050,1.467316,0.119664,1.650037,0.082465
230,1.508686,0.227076,1.467316,0.119664,1.650037,0.082465
240,1.508333,0.226951,1.467316,0.119664,1.650037,0.082465
250,1.508333,0.226951,1.459435,0.105220,1.650037,0.082465
260,1.504041,0.225124,1.457523,0.105189,1.650037,0.082465
270,1.501245,0.223529,1.417757,0.183099,1.650037,0.082465
280,1.494455,0.220585,1.387944,0.184542,1.650037,0.082465
290,1.488110,0.218639,1.326484,0.144764,1.650037,0.082465
300,1.488110,0.218639,1.287506,0.150219,1.650037,0.082465
310,1.483250,0.214891,1.273619,0.149396,1.650037,0.082465
320,1.483250,0.214891,1.273619,0.149396,1.650037,0.082465
330,1.478783,0.224836,1.273619,0.149396,1.650037,0.082465
340,1.478717,0.224802,1.260615,0.153354,1.650037,0.082465
350,1.463090,0.218166,1.237318,0.164002,1.650037,0.082465
360,1.463090,0.218166,1.221904,0.153942,1.650037,0.082465
370,1.449241,0.216009,1.221904,0.153942,1.650037,0.082465
380,1.440176,0.210446,1.221904,0.153942,1.650037,0.082465
390,1.440176,0.210446,1.221904,0.153942,1.650037,0.082465
400,1.421545,0.251923,1.221904,0.153942,1.635948,0.054773
410,1.421545,0.251923,1.221904,0.153942,1.635948,0.054773
420,1.421545,0.251923,1.221904,0.153942,1.635948,0.054773
430,1.418626,0.250130,1.221904,0.153942,1.635948,0.054773
440,1.418626,0.250130,1.221904,0.153942,1.635948,0.054773
450,1.418626,0.250130,1.221904,0.153942,1.635948,0.054773
460,1.416135,0.249156,1.221904,0.153942,1.635948,0.054773
470,1.416135,0.249156,1.166082,0.206315,1.635948,0.054773
480,1.416135,0.249156,1.145899,0.176162,1.635948,0.054773
490,1.415566,0.248951,1.145899,0.176162,1.635948,0.054773
500,1.415566,0.248951,1.145899,0.176162,1.635948,0.054773
510,1.415566,0.248951,1.139984,0.172058,1.635948,0.054773
520,1.415566,0.248951,1.139984,0.172058,1.635948,0.054773
530,1.415566,0.248951,1.109284,0.203024,1.635948,0.054773
540,1.401118,0.241789,1.109284,0.203024,1.635948,0.054773
550,1.385814,0.233373,1.109284,0.203024,1.635948,0.054773
560,1.385814,0.233373,1.109284,0.203024,1.635948,0.054773
570,1.379697,0.246920,1.109284,0.203024,1.635948,0.054773
580,1.377260,0.246031,1.095902,0.195575,1.635948,0.054773
590,1.377260,0.246031,1.095902,0.195575,1.635948,0.054773
600,1.377260,0.246031,1.095902,0.195575,1.591220,0.099970
610,1.377260,0.246031,1.095902,0.195575,1.591220,0.099970
620,1.363892,0.271549,1.066952,0.199440,1.588842,0.096347
630,1.363892,0.271549,1.066952,0.199440,1.588842,0.096347
640,1.362563,0.270706,1.066952,0.199440,1.588842,0.096347
650,1.356769,0.266336,1.059432,0.203824,1.588842,0.096347
660,1.346890,0.288320,1.059432,0.203824,1.588842,0.096347
670,1.346890,0.288320,1.055762,0.207620,1.587426,0.094264
680,1.346890,0.288320,1.055762,0.207620,1.587426,0.094264
690,1.346890,0.288320,1.055762,0.207620,1.587426,0.094264
700,1.346729,0.288215,1.055762,0.207620,1.587426,0.094264
710,1.346108,0.287814,1.055762,0.207620,1.587426,0.094264
720,1.346108,0.287814,1.055762,0.207620,1.587426,0.094264
730,1.346108,0.287814,1.055762,0.207620,1.587426,0.094264
740,1.346108,0.287814,1.055762,0.207620,1.587426,0.094264
750,1.346108,0.287814,1.055762,0.207620,1.587426,0.094264
760,1.346108,0.287814,1.055762,0.207620,1.587426,0.094264
770,1.344092,0.286921,1.055762,0.207620,1.587426,0.094264
780,1.344092,0.286921,1.055762,0.207620,1.587426,0.094264
790,1.344092,0.286921,1.055762,0.207620,1.572655,0.077083
800,1.344092,0.286921,1.040064,0.226509,1.572655,0.077083
810,1.344092,0.286921,1.040064,0.226509,1.562411,0.071982
820,1.344092,0.286921,1.040064,0.226509,1.562411,0.071982
830,1.338765,0.284891,1.040064,0.226509,1.531844,0.093623
840,1.338765,0.284891,1.040064,0.226509,1.531844,0.093623
850,1.338765,0.284891,1.040064,0.226509,1.531844,0.093623
860,1.331928,0.288630,1.040064,0.226509,1.531844,0.093623
870,1.331928,0.288630,1.034715,0.230359,1.491480,0.113570
880,1.331928,0.288630,1.034715,0.230359,1.491480,0.113570
890,1.322064,0.282503,1.034715,0.230359,1.491480,0.113570
900,1.315166,0.280352,1.034715,0.230359,1.470656,0.133368
910,1.315166,0.280352,1.034715,0.230359,1.470656,0.133368
920,1.312160,0.278696,1.034715,0.230359,1.470656,0.133368
930,1.312160,0.278696,1.034715,0.230359,1.470656,0.133368
940,1.312160,0.278696,1.034715,0.230359,1.470656,0.133368
950,1.312160,0.278696,1.034715,0.230359,1.470656,0.133368
960,1.312160,0.278696,1.034715,0.230359,1.470656,0.133368
970,1.312160,0.278696,1.031371,0.224258,1.470656,0.133368
980,1.312160,0.278696,1.031371,0.224258,1.470656,0.133368
990,1.312160,0.278696,1.031371,0.224258,1.470656,0.133368
1000,1.312160,0.278696,1.031371,0.224258,1.470656,0.133368
1010,1.311922,0.278633,1.031371,0.224258,1.470656,0.133368
1020,1.308042,0.275552,1.031371,0.224258,1.470656,0.133368
1030,1.305545,0.274901,1.031371,0.224258,1.470656,0.133368
1040,1.303303,0.279854,1.031371,0.224258,1.470656,0.133368
1050,1.303303,0.279854,1.031371,0.224258,1.470656,0.133368
1060,1.303303,0.279854,1.031371,0.224258,1.470656,0.133368
1070,1.303303,0.279854,1.029686,0.226454,1.470656,0.133368
1080,1.303303,0.279854,1.029686,0.226454,1.470656,0.133368
1090,1.301638,0.283533,1.029686,0.226454,1.470656,0.133368
1100,1.300589,0.283282,1.023554,0.222495,1.470656,0.133368
1110,1.297540,0.282663,1.023554,0.222495,1.470656,0.133368
1120,1.297540,0.282663,1.023554,0.222495,1.470656,0.133368
1130,1.297540,0.282663,1.011434,0.232830,1.470656,0.133368
1140,1.297540,0.282663,1.011434,0.232830,1.470656,0.133368
1150,1.297540,0.282663,1.009039,0.233675,1.470656,0.133368
1160,1.297540,0.282663,1.005258,0.238189,1.470656,0.133368
1170,1.281027,0.319036,1.005258,0.238189,1.470656,0.133368
1180,1.276259,0.315546,1.005258,0.238189,1.470656,0.133368
1190,1.273556,0.319917,1.005258,0.238189,1.470656,0.133368
1200,1.273556,0.319917,1.005258,0.238189,1.470656,0.133368
1210,1.273556,0.319917,1.005258,0.238189,1.470656,0.133368
1220,1.273207,0.319706,1.005258,0.238189,1.470656,0.133368
1230,1.270383,0.318059,1.005258,0.238189,1.470656,0.133368
1240,1.270383,0.318059,0.990374,0.257889,1.470656,0.133368
1250,1.263252,0.315104,0.990374,0.257889,1.470656,0.133368
1260,1.263252,0.315104,0.979859,0.251917,1.470656,0.133368
1270,1.263252,0.315104,0.979859,0.251917,1.470656,0.133368
1280,1.263252,0.315104,0.979859,0.251917,1.470656,0.133368
1290,1.260158,0.321927,0.979859,0.251917,1.470656,0.133368
1300,1.260158,0.321927,0.979859,0.251917,1.470656,0.133368
1310,1.257758,0.320252,0.979859,0.251917,1.470656,0.133368
1320,1.255585,0.325051,0.979859,0.251917,1.470656,0.133368
1330,1.255585,0.325051,0.979859,0.251917,1.470656,0.133368
1340,1.255585,0.325051,0.979859,0.251917,1.470656,0.133368
1350,1.255102,0.324946,0.979859,0.251917,1.470656,0.133368
1360,1.254840,0.324891,0.979859,0.251917,1.470656,0.133368
1370,1.254840,0.324891,0.979859,0.251917,1.470656,0.133368
1380,1.254840,0.324891,0.979859,0.251917,1.470656,0.133368
1390,1.254840,0.324891,0.979859,0.251917,1.470656,0.133368
1400,1.254386,0.324616,0.979859,0.251917,1.470656,0.133368
1410,1.254386,0.324616,0.979859,0.251917,1.470656,0.133368
1420,1.254386,0.324616,0.979859,0.251917,1.470656,0.133368
1430,1.254386,0.324616,0.979859,0.251917,1.470656,0.133368
1440,1.254386,0.324616,0.979859,0.251917,1.470656,0.133368
1450,1.249325,0.321745,0.979859,0.251917,1.470656,0.133368
1460,1.249325,0.321745,0.979859,0.251917,1.470656,0.133368
1470,1.248212,0.320936,0.979859,0.251917,1.470656,0.133368
1480,1.248212,0.320936,0.956520,0.282516,1.470656,0.133368
1490,1.244745,0.318528,0.956520,0.282516,1.470656,0.133368
1500,1.244745,0.318528,0.956520,0.282516,1.470656,0.133368
1510,1.244745,0.318528,0.956262,0.282382,1.470656,0.133368
1520,1.244177,0.318388,0.956262,0.282382,1.470656,0.133368
1530,1.244177,0.318388,0.956262,0.282382,1.470656,0.133368
1540,1.244177,0.318388,0.946600,0.283968,1.470656,0.133368
1550,1.244177,0.318388,0.946600,0.283968,1.470656,0.133368
1560,1.244177,0.318388,0.946600,0.283968,1.470656,0.133368
1570,1.244177,0.318388,0.946600,0.283968,1.470656,0.133368
1580,1.243014,0.317615,0.946600,0.283968,1.470656,0.133368
1590,1.243014,0.317615,0.946600,0.283968,1.470656,0.133368
1600,1.243014,0.317615,0.946600,0.283968,1.470656,0.133368
1610,1.240413,0.317023,0.946600,0.283968,1.470656,0.133368
1620,1.234422,0.330238,0.946600,0.283968,1.470656,0.133368
1630,1.234422,0.330238,0.946600,0.283968,1.470656,0.133368
1640,1.234422,0.330238,0.946600,0.283968,1.470656,0.133368
1650,1.234422,0.330238,0.937619,0.286898,1.470656,0.133368
1660,1.233427,0.329981,0.937619,0.286898,1.470656,0.133368
1670,1.233427,0.329981,0.937619,0.286898,1.470656,0.133368
1680,1.233427,0.329981,0.937619,0.286898,1.470656,0.133368
1690,1.231418,0.328672,0.937619,0.286898,1.470656,0.133368
1700,1.231418,0.328672,0.937619,0.286898,1.470656,0.133368
1710,1.231418,0.328672,0.937619,0.286898,1.470656,0.133368
1720,1.231418,0.328672,0.937619,0.286898,1.470656,0.133368
1730,1.231418,0.328672,0.937619,0.286898,1.470656,0.133368
1740,1.231418,0.328672,0.937619,0.286898,1.470656,0.133368
1750,1.231418,0.328672,0.937619,0.286898,1.466812,0.135319
1760,1.224236,0.324456,0.937619,0.286898,1.466812,0.135319
1770,1.224236,0.324456,0.937619,0.286898,1.466812,0.135319
1780,1.224236,0.324456,0.937619,0.286898,1.466812,0.135319
1790,1.224236,0.324456,0.937619,0.286898,1.463828,0.131757
1800,1.224236,0.324456,0.937619,0.286898,1.463828,0.131757
1810,1.224236,0.324456,0.937619,0.286898,1.463828,0.131757
1820,1.224236,0.324456,0.937619,0.286898,1.463828,0.131757
1830,1.224236,0.324456,0.937619,0.286898,1.463828,0.131757
1840,1.224236,0.324456,0.937619,0.286898,1.463828,0.131757
1850,1.224236,0.324456,0.937619,0.286898,1.463828,0.131757
1860,1.223655,0.324315,0.937619,0.286898,1.463828,0.131757
1870,1.223655,0.324315,0.937619,0.286898,1.463828,0.131757
1880,1.223655,0.324315,0.937619,0.286898,1.463828,0.131757
1890,1.212133,0.322580,0.937619,0.286898,1.463828,0.131757
1900,1.212133,0.322580,0.934822,0.281910,1.463828,0.131757
1910,1.212133,0.322580,0.934822,0.281910,1.463828,0.131757
1920,1.212133,0.322580,0.934822,0.281910,1.463828,0.131757
1930,1.212133,0.322580,0.934822,0.281910,1.463828,0.131757
1940,1.208027,0.320299,0.934822,0.281910,1.463828,0.131757
1950,1.202354,0.332640,0.934822,0.281910,1.463828,0.131757
1960,1.202354,0.332640,0.934822,0.281910,1.463828,0.131757
1970,1.202354,0.332640,0.934822,0.281910,1.463828,0.131757
1980,1.202354,0.332640,0.934822,0.281910,1.463828,0.131757
1990,1.202354,0.332640,0.925909,0.277098,1.463828,0.131757
2000,1.202354,0.332640,0.925909,0.277098,1.463828,0.131757
2010,1.202354,0.332640,0.925909,0.277098,1.463828,0.131757
2020,1.202354,0.332640,0.925909,0.277098,1.463828,0.131757
2030,1.202354,0.332640,0.900792,0.267631,1.463828,0.131757
2040,1.202354,0.332640,0.900792,0.267631,1.463828,0.131757
2050,1.202354,0.332640,0.900792,0.267631,1.463828,0.131757
2060,1.202354,0.332640,0.900792,0.267631,1.463828,0.131757
2070,1.202354,0.332640,0.900792,0.267631,1.463828,0.131757
2080,1.202354,0.332640,0.900792,0.267631,1.463828,0.131757
2090,1.202354,0.332640,0.900792,0.267631,1.463828,0.131757
2100,1.202354,0.332640,0.900792,0.267631,1.463828,0.131757
2110,1.202354,0.332640,0.900792,0.267631,1.463828,0.131757
2120,1.202354,0.332640,0.900792,0.267631,1.463828,0.131757
2130,1.202354,0.332640,0.900792,0.267631,1.463828,0.131757
2140,1.202354,0.332640,0.900792,0.267631,1.463828,0.131757
2150,1.202354,0.332640,0.900792,0.267631,1.463828,0.131757
2160,1.202354,0.332640,0.900792,0.267631,1.463828,0.131757
2170,1.202354,0.332640,0.900792,0.267631,1.463828,0.131757
2180,1.202354,0.332640,0.900792,0.267631,1.463828,0.131757
2190,1.202354,0.332640,0.886699,0.278109,1.463828,0.131757
2200,1.202354,0.332640,0.886699,0.278109,1.463828,0.131757
2210,1.202354,0.332640,0.886699,0.278109,1.463828,0.131757
2220,1.202354,0.332640,0.886699,0.278109,1.463828,0.131757
2230,1.202354,0.332640,0.886699,0.278109,1.463828,0.131757
2240,1.201935,0.332352,0.886699,0.278109,1.463828,0.131757
2250,1.200035,0.331372,0.886699,0.278109,1.463828,0.131757
2260,1.200035,0.331372,0.881095,0.274793,1.463828,0.131757
2270,1.200035,0.331372,0.881095,0.274793,1.463828,0.131757
2280,1.200035,0.331372,0.881095,0.274793,1.463828,0.131757
2290,1.200035,0.331372,0.881095,0.274793,1.463828,0.131757
2300,1.200035,0.331372,0.881095,0.274793,1.463828,0.131757
2310,1.200035,0.331372,0.881095,0.274793,1.463828,0.131757
2320,1.200035,0.331372,0.881095,0.274793,1.463828,0.131757
2330,1.200035,0.331372,0.881095,0.274793,1.463828,0.131757
2340,1.200035,0.331372,0.881095,0.274793,1.463828,0.131757
2350,1.200035,0.331372,0.881095,0.274793,1.463828,0.131757
2360,1.200035,0.331372,0.881095,0.274793,1.463828,0.131757
2370,1.200035,0.331372,0.867125,0.294453,1.463828,0.131757
2380,1.200035,0.331372,0.867125,0.294453,1.463828,0.131757
2390,1.200035,0.331372,0.867125,0.294453,1.463828,0.131757
2400,1.200035,0.331372,0.867125,0.294453,1.463828,0.131757
2410,1.200035,0.331372,0.853878,0.305353,1.463828,0.131757
2420,1.199063,0.330705,0.853878,0.305353,1.463828,0.131757
2430,1.190749,0.325535,0.853878,0.305353,1.463828,0.131757
2440,1.190749,0.325535,0.853878,0.305353,1.463828,0.131757
2450,1.190469,0.326143,0.853878,0.305353,1.463828,0.131757
2460,1.190469,0.326143,0.853878,0.305353,1.463828,0.131757
2470,1.190469,0.326143,0.853878,0.305353,1.441664,0.104534
2480,1.190469,0.326143,0.838381,0.321116,1.441664,0.104534
2490,1.190469,0.326143,0.838381,0.321116,1.441664,0.104534
2500,1.190469,0.326143,0.838381,0.321116,1.441664,0.104534
2510,1.190469,0.326143,0.838381,0.321116,1.441664,0.104534
2520,1.190469,0.326143,0.838381,0.321116,1.441664,0.104534
2530,1.190469,0.326143,0.838381,0.321116,1.441664,0.104534
2540,1.190469,0.326143,0.838381,0.321116,1.441664,0.104534
2550,1.181342,0.346075,0.838381,0.321116,1.441664,0.104534
2560,1.181342,0.346075,0.838381,0.321116,1.441664,0.104534
2570,1.181342,0.346075,0.838381,0.321116,1.441664,0.104534
2580,1.181342,0.346075,0.838381,0.321116,1.441664,0.104534
2590,1.181342,0.346075,0.838381,0.321116,1.441664,0.104534
2600,1.181342,0.346075,0.838381,0.321116,1.437498,0.097555
2610,1.181342,0.346075,0.838381,0.321116,1.437498,0.097555
2620,1.181342,0.346075,0.838381,0.321116,1.437498,0.097555
2630,1.181342,0.346075,0.832460,0.317627,1.437498,0.097555
2640,1.181342,0.346075,0.832460,0.317627,1.437498,0.097555
2650,1.181342,0.346075,0.832460,0.317627,1.437498,0.097555
2660,1.181342,0.346075,0.832460,0.317627,1.437498,0.097555
2670,1.181342,0.346075,0.832460,0.317627,1.437498,0.097555
2680,1.181342,0.346075,0.832460,0.317627,1.437498,0.097555
2690,1.181342,0.346075,0.832460,0.317627,1.437498,0.097555
2700,1.181342,0.346075,0.832460,0.317627,1.437498,0.097555
2710,1.181342,0.346075,0.832460,0.317627,1.437498,0.097555
2720,1.181342,0.346075,0.832460,0.317627,1.437498,0.097555
2730,1.179824,0.345235,0.832460,0.317627,1.437498,0.097555
2740,1.179824,0.345235,0.832460,0.317627,1.437498,0.097555
2750,1.179824,0.345235,0.832460,0.317627,1.437498,0.097555
2760,1.179824,0.345235,0.832460,0.317627,1.437498,0.097555
2770,1.179824,0.345235,0.832460,0.317627,1.437498,0.097555
2780,1.179824,0.345235,0.832460,0.317627,1.437498,0.097555
2790,1.179824,0.345235,0.832460,0.317627,1.437498,0.097555
2800,1.179824,0.345235,0.819951,0.332303,1.437498,0.097555
2810,1.179824,0.345235,0.819951,0.332303,1.437498,0.097555
2820,1.179824,0.345235,0.819951,0.332303,1.437498,0.097555
2830,1.176798,0.351856,0.819951,0.332303,1.437498,0.097555
2840,1.176798,0.351856,0.819951,0.332303,1.437498,0.097555
2850,1.176798,0.351856,0.819951,0.332303,1.437498,0.097555
2860,1.176798,0.351856,0.819951,0.332303,1.437498,0.097555
2870,1.176798,0.351856,0.819951,0.332303,1.437498,0.097555
2880,1.176798,0.351856,0.819951,0.332303,1.437498,0.097555
2890,1.176798,0.351856,0.819951,0.332303,1.437498,0.097555
2900,1.176798,0.351856,0.815672,0.324825,1.437498,0.097555
2910,1.174892,0.356029,0.815672,0.324825,1.432440,0.089654
2920,1.174892,0.356029,0.815672,0.324825,1.432440,0.089654
2930,1.174892,0.356029,0.815672,0.324825,1.432440,0.089654
2940,1.174892,0.356029,0.815672,0.324825,1.432440,0.089654
2950,1.174892,0.356029,0.815672,0.324825,1.432440,0.089654
2960,1.174892,0.356029,0.815672,0.324825,1.432440,0.089654
2970,1.174892,0.356029,0.815672,0.324825,1.432440,0.089654
2980,1.174892,0.356029,0.815672,0.324825,1.432440,0.089654
2990,1.174892,0.356029,0.815672,0.324825,1.432440,0.089654
3000,1.174892,0.356029,0.815672,0.324825,1.432440,0.089654
3010,1.174892,0.356029,0.815672,0.324825,1.420620,0.102895
3020,1.174892,0.356029,0.815672,0.324825,1.420620,0.102895
3030,1.174892,0.356029,0.815672,0.324825,1.420620,0.102895
3040,1.174892,0.356029,0.815672,0.324825,1.420620,0.102895
3050,1.174892,0.356029,0.815672,0.324825,1.420620,0.102895
3060,1.174892,0.356029,0.815672,0.324825,1.420620,0.102895
3070,1.172938,0.360307,0.815672,0.324825,1.420620,0.102895
3080,1.172938,0.360307,0.815672,0.324825,1.420620,0.102895
3090,1.172938,0.360307,0.815672,0.324825,1.420620,0.102895
3100,1.172938,0.360307,0.815672,0.324825,1.420620,0.102895
3110,1.172938,0.360307,0.790039,0.314375,1.420620,0.102895
3120,1.172938,0.360307,0.790039,0.314375,1.420620,0.102895
3130,1.172938,0.360307,0.790039,0.314375,1.420620,0.102895
