method,seed,last_generation,gen_0,gen_10,gen_50,gen_last
ea_sigma_0.1,101,393,0.721,0.074,0.083,0.064
ea_sigma_0.1,102,748,0.710,0.071,0.087,0.093
ea_sigma_0.1,103,544,0.697,0.104,0.065,0.080
ea_sigma_0.1,104,330,0.725,0.082,0.067,0.096
ea_sigma_0.1,105,388,0.692,0.054,0.076,0.058
ea_sigma_0.1,mean,,0.709,0.077,0.076,0.079
ea_sigma_0.5,101,436,0.721,0.371,0.423,0.319
ea_sigma_0.5,102,748,0.710,0.573,0.353,0.348
ea_sigma_0.5,103,931,0.697,0.426,0.299,0.327
ea_sigma_0.5,104,312,0.725,0.507,0.474,0.328
ea_sigma_0.5,105,510,0.692,0.413,0.342,0.445
ea_sigma_0.5,mean,,0.709,0.458,0.378,0.353
