generation,evaluations,best_fitness,batch_mean_fitness,batch_worst_fitness
0,10,1.7387879417249101,1.9632016284788105,2.263660180051285
1,20,1.7387879417249101,2.0022267209330944,2.1447362901476237
2,30,1.7387879417249101,1.9930353631878321,2.0898788972110367
3,40,1.7387879417249101,1.9782592683351807,2.046841297312871
4,50,1.7387879417249101,2.03166276188056,2.187954967837165
5,60,1.7291682572096418,1.9584601911695358,2.2280663936891307
6,70,1.7291682572096418,2.057000830573687,2.184793617907743
7,80,1.710300484659541,1.9820368902404948,2.3046678481804577
8,90,1.710300484659541,2.026416924327234,2.1654615132102983
9,100,1.710300484659541,2.0018387752762465,2.059523966684749
10,110,1.710300484659541,1.9966213197204905,2.152868898444212
11,120,1.710300484659541,2.0260745004429244,2.2479498767387294
12,130,1.710300484659541,1.9962249234637006,2.1829332789999523
13,140,1.710300484659541,2.020746752488752,2.215139013024561
14,150,1.710300484659541,2.001004739714424,2.1327105905530854
15,160,1.5766457755299088,1.9709639052741035,2.3038255122448814
16,170,1.5766457755299088,1.9514131186600754,2.0060067200636515
17,180,1.5766457755299088,2.0267625386196,2.115283308926609
18,190,1.5766457755299088,2.008250843238342,2.1119011500649427
19,200,1.5766457755299088,2.004172490645338,2.4103980296362764
20,210,1.5766457755299088,2.0049580996629315,2.081725879148588
21,220,1.5766457755299088,1.9957584461923985,2.059746630818927
22,230,1.5766457755299088,2.024317529838587,2.262919346779679
23,240,1.5766457755299088,2.0320943080794858,2.2296302669113257
24,250,1.5766457755299088,2.021119627630986,2.161711105012289
25,260,1.5766457755299088,2.04315319089991,2.5555602922956986
26,270,1.5766457755299088,1.9868012815431864,2.085950550893394
27,280,1.5766457755299088,1.9678265597883982,2.056581692991551
28,290,1.5766457755299088,1.95304686769432,2.035323679635633
29,300,1.5766457755299088,2.004202932726945,2.2754941678116416
30,310,1.5766457755299088,2.028862180041515,2.4339388023931243
31,320,1.5766457755299088,1.988080006464417,2.11969757560776
32,330,1.5766457755299088,2.02165070008016,2.2984565163227275
33,340,1.5766457755299088,2.005785074668229,2.32664704160649
34,350,1.5766457755299088,2.010446800383353,2.254985736329177
35,360,1.5766457755299088,1.9720628730900054,2.1569649005451015
36,370,1.5766457755299088,2.0580007051291362,2.229811169357275
37,380,1.5766457755299088,1.9853832597904035,2.1166025933038486
38,390,1.5766457755299088,2.033197838818822,2.2211291632214403
39,400,1.5766457755299088,2.0335411975229754,2.2146643674715665
40,410,1.5766457755299088,2.004327559543584,2.206835733573484
41,420,1.5766457755299088,1.9587616724155974,2.157643481725775
42,430,1.5766457755299088,2.0383090253462757,2.186428060197107
43,440,1.5766457755299088,1.9621974071140191,2.067928470524731
44,450,1.5766457755299088,2.0031908794753073,2.0956411629799527
45,460,1.5766457755299088,1.9753164683532525,2.145509929276756
46,470,1.5766457755299088,2.006100053725658,2.0810783445041343
47,480,1.5766457755299088,1.9831868721743398,2.1153234513800516
48,490,1.5766457755299088,1.9479013279319752,2.1116387935627996
49,500,1.5766457755299088,2.0161567949477934,2.2433390068688888
50,510,1.5766457755299088,2.008826046277614,2.1613351413967044
51,520,1.5766457755299088,1.952849645968843,2.02947918106028
52,530,1.5766457755299088,2.071035509494574,2.2246583917730924
53,540,1.5766457755299088,1.9902769662909041,2.0838042875049556
54,550,1.5766457755299088,2.0173863263651053,2.098854005968295
55,560,1.5766457755299088,2.0556605118917894,2.285004454904979
56,570,1.5766457755299088,1.9899949228768932,2.02731637279133
57,580,1.5766457755299088,1.998706547547016,2.040282029767754
58,590,1.5766457755299088,2.0051758888864217,2.1340499592684963
59,600,1.5766457755299088,2.0753959526316996,2.2166204685492663
60,610,1.5766457755299088,1.9485721379758154,2.106750215976474
61,620,1.5766457755299088,2.0961566204257625,2.3759851465827957
62,630,1.5766457755299088,1.990238696716105,2.0710793292303538
63,640,1.5766457755299088,1.9657312860590346,2.1987009794878114
64,650,1.5766457755299088,2.0534062602566197,2.268835309356422
65,660,1.5766457755299088,2.0346368971484727,2.335410745966151
66,670,1.5766457755299088,2.0229409595421943,2.159066505490775
67,680,1.5766457755299088,2.03007108292175,2.1697849637491973
68,690,1.5766457755299088,1.9862802497313534,2.199116307446203
69,700,1.5766457755299088,2.0758095499215594,2.3040108670683
70,710,1.5766457755299088,1.98871266621537,2.1153413796414977
71,720,1.5766457755299088,2.032785229115195,2.282902251529925
72,730,1.5766457755299088,2.017210353572678,2.1735957118839733
73,740,1.5766457755299088,2.0109832641524057,2.101090793205436
74,750,1.5766457755299088,2.034377275610642,2.197933318402183
75,760,1.5766457755299088,1.9707024046187116,2.1144513855953124
76,770,1.5766457755299088,1.9726252264831605,2.052984755936164
77,780,1.5766457755299088,1.9998283594783675,2.067276012279453
78,790,1.5766457755299088,1.9696839904658785,2.077635940468256
79,800,1.5766457755299088,1.995004208798374,2.0651245920487127
80,810,1.5766457755299088,2.0219981008953303,2.09845341489926
81,820,1.5766457755299088,2.003125053260535,2.2045503699361477
82,830,1.423811111728843,1.9573467750353726,2.1566452748255864
83,840,1.423811111728843,2.047652994541165,2.2200934992448684
84,850,1.423811111728843,2.0509616928182437,2.155755460158594
85,860,1.423811111728843,2.0173550456988836,2.17103879989523
86,870,1.423811111728843,1.984460138063208,2.1317893613377943
87,880,1.423811111728843,1.9959773150321638,2.14807383940276
88,890,1.423811111728843,2.0083503925850357,2.2820327285250546
89,900,1.423811111728843,2.0391980311580573,2.4975011883837857
90,910,1.423811111728843,1.9973554990578264,2.1029710331860945
91,920,1.423811111728843,1.9729965572537058,2.0873627249623246
92,930,1.423811111728843,1.9731865673937015,2.128906640351387
93,940,1.423811111728843,1.9988956898644463,2.0788417037877767
94,950,1.423811111728843,2.0052433648573142,2.1244416041388114
95,960,1.423811111728843,1.9837768055628815,2.0828269406848436
96,970,1.423811111728843,2.0173176185044843,2.087547929020007
97,980,1.423811111728843,2.004822468461301,2.2200134682576147
98,990,1.423811111728843,1.9914189494904715,2.133499558914383
99,1000,1.423811111728843,2.00384090764791,2.104439474724615
100,1010,1.423811111728843,1.9554400078644771,2.234599387744916
101,1020,1.423811111728843,2.0053465084922357,2.093737279092792
102,1030,1.423811111728843,1.9643481732385641,2.115557652496599
103,1040,1.423811111728843,2.050238568678105,2.138443418065253
104,1050,1.423811111728843,2.0141914835987826,2.219429334613247
105,1060,1.423811111728843,2.0063870837114437,2.0627948631148123
106,1070,1.423811111728843,1.9934543113003422,2.199499563238493
107,1080,1.423811111728843,2.004175504957169,2.205300125134211
108,1090,1.423811111728843,1.9647377176686809,2.0810563285463544
109,1100,1.423811111728843,1.9979154067273583,2.062892322656713
110,1110,1.423811111728843,2.0119960183517778,2.1066215870423886
111,1120,1.423811111728843,1.9838052696641675,2.1550549868201365
112,1130,1.423811111728843,2.022144099794177,2.2866624237083255
113,1140,1.423811111728843,1.9430599812362854,2.0147442090412113
114,1150,1.423811111728843,1.9866623819585112,2.0680569463691563
115,1160,1.423811111728843,1.997131962657741,2.0575646140714925
116,1170,1.423811111728843,2.0725633725058867,2.2978682313546956
117,1180,1.423811111728843,1.9984477870497475,2.3823191814137794
118,1190,1.423811111728843,2.028813096962177,2.2999881556386224
119,1200,1.423811111728843,2.0134095797021208,2.2477926738198657
120,1210,1.423811111728843,1.9720646286170798,2.0808769614401554
121,1220,1.423811111728843,2.012152335354174,2.13839331229998
122,1230,1.423811111728843,2.006817232977881,2.142907366378869
123,1240,1.423811111728843,2.050468309001405,2.3871176787282242
124,1250,1.423811111728843,2.058237698517493,2.2596956551136254
125,1260,1.423811111728843,1.9631376477394713,2.121897494894038
126,1270,1.423811111728843,2.0407431312425173,2.243032777870471
127,1280,1.423811111728843,1.9451034233803939,2.1272993641652223
128,1290,1.423811111728843,2.021449674083925,2.142173473113056
129,1300,1.423811111728843,2.035196427344043,2.1661329398128295
130,1310,1.423811111728843,2.0250434330823666,2.1780363141937173
131,1320,1.423811111728843,2.021081484497433,2.2795441602016173
132,1330,1.423811111728843,1.9459213553468628,2.0928323582876485
133,1340,1.423811111728843,1.9369734043121567,2.046326579569417
134,1350,1.423811111728843,2.0605884318015715,2.329203615438222
135,1360,1.423811111728843,2.0007699765547846,2.3327266068517383
136,1370,1.423811111728843,2.0092529732507307,2.1670283499740135
137,1380,1.423811111728843,2.0416486758013503,2.1178916304329163
138,1390,1.423811111728843,1.9900554960264185,2.066949971086321
139,1400,1.423811111728843,2.026746698793753,2.258937364436554
140,1410,1.423811111728843,2.0465101683138913,2.442424574823179
141,1420,1.423811111728843,1.9685409101032434,2.3588130641382654
142,1430,1.423811111728843,2.0239368716715265,2.1862313646677154
143,1440,1.423811111728843,1.9994160378592967,2.189926090683071
144,1450,1.423811111728843,1.976390724546172,2.109517288509507
145,1460,1.423811111728843,2.0309657489755106,2.1847822335578906
146,1470,1.423811111728843,1.9746905964355215,2.062907132428338
147,1480,1.423811111728843,1.9997487728583772,2.121914068073372
148,1490,1.423811111728843,2.0166426263975508,2.1149258740072345
149,1500,1.423811111728843,2.0613506837592794,2.3652714801476638
150,1510,1.423811111728843,1.976485753240039,2.1469859672834124
151,1520,1.423811111728843,1.9866865213257785,2.084680814066909
152,1530,1.423811111728843,1.988242379911291,2.1039027976853473
153,1540,1.423811111728843,2.014009531054446,2.127128842052238
154,1550,1.423811111728843,1.9664893989172512,2.0807395898413805
155,1560,1.423811111728843,1.958453750827962,2.0884429734118557
156,1570,1.423811111728843,2.007092637205871,2.38494823401484
157,1580,1.423811111728843,2.0750367163658576,2.2501631382094995
158,1590,1.423811111728843,1.9723841894971819,2.1083447222712297
159,1600,1.423811111728843,2.010517114862855,2.1091091601637832
160,1610,1.423811111728843,2.0147525974442617,2.22628926760927
161,1620,1.423811111728843,1.9950203918173013,2.1981565726841197
162,1630,1.423811111728843,1.9750840501124536,2.0903530948453213
163,1640,1.423811111728843,1.9851154240613333,2.136783699944153
164,1650,1.423811111728843,2.0067558786113304,2.2532634606557127
165,1660,1.423811111728843,1.9271398297658835,2.0725595653772806
166,1670,1.423811111728843,2.0023777719337805,2.174257223021933
167,1680,1.423811111728843,1.9527774610629802,2.1112017713458386
168,1690,1.423811111728843,2.009337224863714,2.137095320685758
169,1700,1.423811111728843,1.9861729447882859,2.0868146493539412
170,1710,1.423811111728843,2.014589886671346,2.1932108969479596
171,1720,1.423811111728843,2.0435794941354706,2.1326808458490065
172,1730,1.423811111728843,2.0103755269239474,2.108720604308296
173,1740,1.423811111728843,2.0048446555041317,2.195016195262563
174,1750,1.4045891538925799,1.930223891698007,2.0324984539171895
175,1760,1.4045891538925799,2.0342597049270923,2.19513831572269
176,1770,1.4045891538925799,2.070195404997007,2.371003976611433
177,1780,1.4045891538925799,2.0259861892873654,2.3996703185022237
178,1790,1.4045891538925799,2.0724029350481645,2.2152674362895843
179,1800,1.4045891538925799,2.0070037546639776,2.1157320093659955
180,1810,1.4045891538925799,1.949468591888299,2.240655320966664
181,1820,1.4045891538925799,2.006303211950182,2.137812991946759
182,1830,1.4045891538925799,1.979210299521999,2.1258183013162095
183,1840,1.4045891538925799,2.059414679588412,2.1880721315023464
184,1850,1.4045891538925799,1.9948845796495451,2.152109602781232
185,1860,1.4045891538925799,2.049219589993405,2.42507225456873
186,1870,1.4045891538925799,2.0286454214816745,2.131075532109497
187,1880,1.4045891538925799,2.038769980947374,2.2035401427943944
188,1890,1.4045891538925799,1.9616458610380398,2.12328256672584
189,1900,1.4045891538925799,1.9838250239485014,2.052199163068792
190,1910,1.4045891538925799,2.0076177825296853,2.1656503287803357
191,1920,1.4045891538925799,1.9915028700219097,2.255571048654648
192,1930,1.4045891538925799,1.997409716947995,2.294831115748614
193,1940,1.4045891538925799,2.021448375906343,2.3725744398158533
194,1950,1.4045891538925799,2.0086182466443283,2.1751422164112606
195,1960,1.4045891538925799,2.0257025270904387,2.1763963555389485
196,1970,1.4045891538925799,1.9920691985864571,2.0705912921434244
197,1980,1.4045891538925799,1.987605585323878,2.154230622476177
198,1990,1.4045891538925799,1.9892669355895294,2.021303725179865
199,2000,1.4045891538925799,1.9599408554739295,2.067042812337942
200,2010,1.4045891538925799,1.9414649061326834,2.304057909869834
201,2020,1.4045891538925799,2.055639714132595,2.176126952693335
202,2030,1.4045891538925799,1.9588141431430528,2.184098115201796
203,2040,1.4045891538925799,1.972284080442425,2.057945640801218
204,2050,1.4045891538925799,2.0073811756204414,2.1289878601693117
205,2060,1.4045891538925799,1.9773265948138605,2.061929812982947
206,2070,1.4045891538925799,1.9615795360167678,2.1073951783229155
207,2080,1.4045891538925799,1.9632777179168908,2.131236807752297
208,2090,1.4045891538925799,2.034958718697431,2.5081353617089364
209,2100,1.4045891538925799,1.9897515681564548,2.1685554816531383
210,2110,1.4045891538925799,1.9979969279000684,2.076726375660715
211,2120,1.4045891538925799,2.024001717962807,2.1397806963988977
212,2130,1.4045891538925799,1.977623717860008,2.111254558254012
213,2140,1.4045891538925799,1.9524194028918616,2.0259434535145004
214,2150,1.4045891538925799,2.0344527895027085,2.3733079331064855
215,2160,1.4045891538925799,2.0055712649425668,2.2669702494342485
216,2170,1.4045891538925799,1.982384518781669,2.1310646624337273
217,2180,1.4045891538925799,2.0039385097250575,2.0867583923994175
218,2190,1.4045891538925799,2.0140694375733794,2.1236939079582773
219,2200,1.4045891538925799,1.9342728537296086,2.1381189158004816
220,2210,1.4045891538925799,1.9938419358305945,2.3116459761201003
221,2220,1.4045891538925799,1.9966773725365523,2.219545393526124
222,2230,1.4045891538925799,2.0332729590581513,2.178520501863576
223,2240,1.4045891538925799,2.011226509599967,2.194302900195087
224,2250,1.4045891538925799,2.0291289224296167,2.0972851021979855
225,2260,1.4045891538925799,2.012904678365668,2.170203409236889
226,2270,1.4045891538925799,2.0367802585729002,2.165189201400928
227,2280,1.4045891538925799,1.9861690206586715,2.103255123402149
228,2290,1.4045891538925799,1.9999862603277259,2.0612042175248244
229,2300,1.4045891538925799,2.033589945005037,2.1469412749414363
230,2310,1.4045891538925799,1.9888345600737385,2.2244573764880515
231,2320,1.4045891538925799,2.0122321401911702,2.1665462803548903
232,2330,1.4045891538925799,2.051098218325837,2.2797897955411064
233,2340,1.4045891538925799,2.0117088944557473,2.1069418922813683
234,2350,1.4045891538925799,2.071621181125179,2.215760478247649
235,2360,1.4045891538925799,1.9938070469948577,2.042075760362695
236,2370,1.4045891538925799,1.9747003154728993,2.0484727133708156
237,2380,1.4045891538925799,1.9875388769438604,2.2897952721679284
238,2390,1.4045891538925799,1.993233242690128,2.070952284772348
239,2400,1.4045891538925799,1.9950856032014492,2.1724505912362617
240,2410,1.4045891538925799,2.024956437581941,2.140669379917603
241,2420,1.4045891538925799,1.9701725970167054,2.1075802968960446
242,2430,1.4045891538925799,2.0104874105563457,2.086337474326218
243,2440,1.4045891538925799,2.1344545884517183,2.7656609291105583
244,2450,1.4045891538925799,1.980538423206599,2.19569711693349
245,2460,1.4045891538925799,2.0112129776509162,2.0901197727078524
246,2470,1.4045891538925799,2.030275166449644,2.1367855129358517
247,2480,1.4045891538925799,1.9984159814600453,2.0649933931627094
248,2490,1.4045891538925799,2.098592835949652,2.518842992388498
249,2500,1.4045891538925799,1.9493511418678722,2.080757758590254
250,2510,1.4045891538925799,1.9579056193223174,2.1725640326540554
251,2520,1.4045891538925799,2.0363265284577996,2.2436402628996044
252,2530,1.4045891538925799,1.9833394450838586,2.1284849893692326
253,2540,1.4045891538925799,1.981295049119383,2.152440168824251
254,2550,1.4045891538925799,2.0688089144542383,2.2027102290328813
255,2560,1.4045891538925799,1.9975084085990331,2.1016193164132795
256,2570,1.4045891538925799,2.006648277342139,2.2514823114747817
257,2580,1.4045891538925799,2.039696417263301,2.280669339277671
258,2590,1.4045891538925799,2.0278678498171545,2.2326358014333376
259,2600,1.4045891538925799,1.9499354413615955,2.0521708530119644
260,2610,1.4045891538925799,2.0300421217720492,2.252577151153303
261,2620,1.4045891538925799,1.9970596739829058,2.17129880203972
262,2630,1.4045891538925799,2.0003234570533994,2.0605907075341783
263,2640,1.4045891538925799,1.984753242385927,2.0662488372795873
264,2650,1.4045891538925799,1.9980643859377494,2.1954096071517957
265,2660,1.4045891538925799,2.0452279568432115,2.3623352269984776
266,2670,1.4045891538925799,1.974085037833002,2.10084036254178
267,2680,1.4045891538925799,1.9701408484723644,2.032915697626059
268,2690,1.4045891538925799,2.0745786181360293,2.409151924995259
269,2700,1.4045891538925799,1.9948788008459881,2.1083378414852074
270,2710,1.4045891538925799,1.987605999403275,2.0460302454284904
271,2720,1.4045891538925799,1.9889849156256616,2.09663930636814
272,2730,1.4045891538925799,1.9770248859244854,2.2057650491106258
273,2740,1.4045891538925799,2.033560906444156,2.298076401443535
274,2750,1.4045891538925799,1.9775746471890259,2.0846958479519193
275,2760,1.4045891538925799,2.012986329546089,2.2271966489234396
276,2770,1.4045891538925799,2.0074854317848017,2.0823763566989504
277,2780,1.4045891538925799,2.00626838739596,2.231389405719584
278,2790,1.4045891538925799,2.0874032096133903,2.4273812730410205
279,2800,1.4045891538925799,2.0070964859829172,2.2044895969872664
280,2810,1.4045891538925799,2.009153348046854,2.2857586933623
281,2820,1.4045891538925799,1.9915051619069757,2.107468974414962
282,2830,1.4045891538925799,2.0235260568353195,2.17465610273591
283,2840,1.4045891538925799,1.9982020649392411,2.195373386778825
284,2850,1.4045891538925799,1.9882430857569393,2.0735068589812724
285,2860,1.4045891538925799,2.0478854420356303,2.342937041797293
286,2870,1.4045891538925799,2.004051606432825,2.135789122358334
287,2880,1.4045891538925799,1.9425275441828673,2.121635090057046
288,2890,1.4045891538925799,1.9757190287936026,2.062100612290713
289,2900,1.4045891538925799,1.9801396203349988,2.0424525316648494
290,2910,1.4045891538925799,2.057109552774212,2.326519476795225
291,2920,1.4045891538925799,1.9881079994405955,2.188286386432356
292,2930,1.4045891538925799,2.0220955949077597,2.138975187696941
293,2940,1.4045891538925799,2.0279274111486574,2.1713432940381043
294,2950,1.4045891538925799,1.9850491913028567,2.152166472661154
295,2960,1.4045891538925799,1.9955035836738346,2.0963909157261074
296,2970,1.4045891538925799,2.002112332294464,2.1324500998853506
297,2980,1.4045891538925799,1.9590405118002407,2.1536828935980328
298,2990,1.4045891538925799,1.9824104476133808,2.1337576908761946
299,3000,1.4045891538925799,1.9849885855090037,2.1675335197273227
300,3010,1.4045891538925799,2.02542414500624,2.19031049508737
301,3020,1.4045891538925799,1.9678880024080616,2.0714527288543096
302,3030,1.4045891538925799,2.086344234290695,2.5094264412274137
303,3040,1.4045891538925799,2.0181948109024055,2.22181033252551
304,3050,1.4045891538925799,2.0058603893819984,2.168331105241958
305,3060,1.4045891538925799,2.0316810619398167,2.447821884685426
306,3070,1.4045891538925799,1.9968110852205463,2.0683370979306894
307,3080,1.4045891538925799,1.971725274676712,2.210065381854704
308,3090,1.4045891538925799,1.9829627334335362,2.2121747971529637
309,3100,1.4045891538925799,2.016447848796345,2.1063043148807252
310,3110,1.4045891538925799,1.9991083938215293,2.0494613871298637
311,3120,1.4045891538925799,2.0242206181474267,2.1531809064811283
312,3130,1.4045891538925799,2.0525224370471067,2.1833635027160674
313,3140,1.4045891538925799,2.0129750243607996,2.087493620525034
314,3150,1.4045891538925799,1.940042223185186,2.0335630351079703
315,3160,1.4045891538925799,2.020211378246363,2.280148709926538
316,3170,1.4045891538925799,1.9949453233939853,2.1102460835296526
317,3180,1.4045891538925799,2.0166515409768713,2.1120627499851623
318,3190,1.4045891538925799,2.0027622756649515,2.070129211959843
319,3200,1.4045891538925799,1.974610788905227,2.0614570607548566
320,3210,1.4045891538925799,2.011147962101236,2.1426284630515573
321,3220,1.4045891538925799,2.0424178925589063,2.2053821916193077
322,3230,1.4045891538925799,2.0394602647548177,2.194673463133034
323,3240,1.4045891538925799,1.9794104216933774,2.1194889896265483
324,3250,1.4045891538925799,2.0008917610046297,2.1446201047291344
325,3260,1.4045891538925799,2.0194773852793686,2.283587640239647
326,3270,1.4045891538925799,1.9978042185832408,2.0989471549918948
327,3280,1.4045891538925799,1.9464445910816468,2.049906390635619
328,3290,1.4045891538925799,2.0087468551982637,2.0789489660132223
329,3300,1.4045891538925799,1.998876913492372,2.0905174422524913
330,3310,1.4045891538925799,1.9776140941896145,2.13171894162389
331,3320,1.4045891538925799,1.9640169323726244,2.095722956361328
332,3330,1.4045891538925799,1.9924604007670155,2.1755039009667194
333,3340,1.4045891538925799,1.9895942982491577,2.104439643645858
334,3350,1.4045891538925799,1.9845394073104619,2.0948302782459542
335,3360,1.4045891538925799,2.0427633379216616,2.2914205596435577
336,3370,1.4045891538925799,1.983916203858809,2.1057659318184663
337,3380,1.4045891538925799,1.9213085121128823,2.0416584730400116
338,3390,1.4045891538925799,1.9354722322059594,2.0251665135719725
339,3400,1.4045891538925799,2.023993320614211,2.228984026892546
340,3410,1.4045891538925799,1.9525627363563032,2.0665999844024387
341,3420,1.4045891538925799,2.0162439355714405,2.3058817226843713
342,3430,1.4045891538925799,1.9602521088583067,2.3833359872811357
343,3440,1.4045891538925799,1.9861981865713854,2.0399345216680964
344,3450,1.4045891538925799,1.9987801465421893,2.0610802588946284
345,3460,1.4045891538925799,2.0056829294184086,2.1530506137139964
346,3470,1.4045891538925799,1.9423714471381426,2.1357700945403773
347,3480,1.4045891538925799,2.048260571157779,2.1725847226318487
348,3490,1.4045891538925799,2.0051688969610724,2.237007574602702
349,3500,1.4045891538925799,2.0214968765197026,2.1050043939297294
350,3510,1.4045891538925799,2.0196457016555196,2.1586060407109198
351,3520,1.4045891538925799,1.9801354725903768,2.075055949088095
352,3530,1.4045891538925799,2.015616365859337,2.307579610650938
353,3540,1.4045891538925799,2.035954408041147,2.152723367292685
354,3550,1.4045891538925799,2.0078697153719687,2.31116298995213
355,3560,1.4045891538925799,2.0704342029305627,2.285118094999778
356,3570,1.4045891538925799,2.0184393556647,2.4369239763805783
357,3580,1.4045891538925799,2.006735999360521,2.141124884184838
358,3590,1.4045891538925799,2.064335143175557,2.2638829813881536
359,3600,1.4045891538925799,2.0151317212746873,2.252410419589956
360,3610,1.4045891538925799,1.9496625244815327,2.115475899679993
361,3620,1.4045891538925799,1.9342864592175328,2.259559437251907
362,3630,1.4045891538925799,2.033752665862907,2.2123443566376007
363,3640,1.4045891538925799,2.0201002801134713,2.1438955947565654
364,3650,1.4045891538925799,1.9586041227226048,2.2120556983781574
365,3660,1.4045891538925799,1.9980338130556277,2.3631000449997943
366,3670,1.4045891538925799,2.019131568874699,2.1196958207567995
367,3680,1.4045891538925799,1.9628013930530757,2.1028538693897123
368,3690,1.4045891538925799,1.9627929882240065,2.037119395894562
369,3700,1.4045891538925799,1.9906422620256574,2.162210069735696
370,3710,1.4045891538925799,1.9908099281085039,2.149661645937702
371,3720,1.4045891538925799,2.0297735398708814,2.0775283070356685
372,3730,1.4045891538925799,1.9774585033498966,2.1054750258593025
373,3740,1.4045891538925799,1.9874163196853427,2.1334935475804393
374,3750,1.4045891538925799,2.0196605466248685,2.1364784876320244
375,3760,1.4045891538925799,1.9800536705871212,2.142404394751281
376,3770,1.4045891538925799,2.041449660142896,2.3974080677566247
377,3780,1.4045891538925799,1.9913996983627555,2.1498472013336936
378,3790,1.4045891538925799,2.0494823360202012,2.16683688909476
379,3800,1.4045891538925799,2.0467375999604416,2.21714824340102
380,3810,1.4045891538925799,1.9457913038631596,2.0875516440691038
381,3820,1.4045891538925799,2.002382428919934,2.0865807435536343
382,3830,1.4045891538925799,1.9658299527993564,2.099888511960618
383,3840,1.4045891538925799,2.0288433839235593,2.30485447178675
384,3850,1.4045891538925799,2.015404407850318,2.2742265768924335
385,3860,1.4045891538925799,2.0421585274297924,2.158233141825071
386,3870,1.4045891538925799,2.0005155376371837,2.165761783527996
387,3880,1.4045891538925799,2.0405525389627988,2.2537519632733014
388,3890,1.4045891538925799,1.9560819664033375,2.118310809349825
389,3900,1.4045891538925799,1.969594139289598,2.068043487729247
390,3910,1.4045891538925799,2.020697853780253,2.2034788931149203
391,3920,1.4045891538925799,1.9833197143995203,2.134591287362564
392,3930,1.4045891538925799,2.010395578621751,2.0967294550482496
393,3940,1.4045891538925799,2.0254419408174678,2.119205569130378
394,3950,1.4045891538925799,1.9911106647649497,2.3703923179324176
395,3960,1.4045891538925799,2.008361718136032,2.2161050614303672
396,3970,1.4045891538925799,2.0070725042458384,2.274923414955266
397,3980,1.4045891538925799,2.03602801442725,2.158757627033069
398,3990,1.4045891538925799,2.0284846889346233,2.139537886618001
399,4000,1.4045891538925799,1.9484941987475441,2.140695293594318
400,4010,1.4045891538925799,2.0171710983758513,2.1914194308855586
401,4020,1.4045891538925799,1.9765452154231045,2.0844108270432202
402,4030,1.4045891538925799,1.9280081044339699,2.0509170866918898
403,4040,1.4045891538925799,2.0107858596565538,2.1682312781327027
404,4050,1.4045891538925799,1.9970395345140481,2.1715445534624336
405,4060,1.4045891538925799,2.0359882035633445,2.1803556283787384
406,4070,1.4045891538925799,1.9409856676299628,2.0401663576253277
407,4080,1.4045891538925799,1.9978984389936287,2.1879308998787614
408,4090,1.4045891538925799,1.9873188546045235,2.104175072393207
409,4100,1.4045891538925799,1.9885767735404698,2.0410348371430564
410,4110,1.4045891538925799,2.0167320389598347,2.192193457836029
411,4120,1.4045891538925799,2.0290143720265945,2.1414608541975886
412,4130,1.4045891538925799,1.9684379105018852,2.137462432699595
413,4140,1.4045891538925799,2.0670545709390034,2.2644669599282254
414,4150,1.4045891538925799,1.968175070737864,2.0587296961720227
415,4160,1.4045891538925799,2.0550508097894244,2.310275419623574
416,4170,1.4045891538925799,1.9139356878669216,2.0323012867951675
417,4180,1.4045891538925799,1.9952018920627919,2.084215807298057
418,4190,1.4045891538925799,1.9235146579941074,2.015778809860412
419,4200,1.4045891538925799,2.0250444653034276,2.355114819795644
420,4210,1.4045891538925799,2.008299132610895,2.2224487744466006
421,4220,1.4045891538925799,1.9961396922076802,2.0860144221424815
422,4230,1.4045891538925799,2.0096970849984594,2.079019666474848
423,4240,1.4045891538925799,2.0752004565113196,2.164832334662432
424,4250,1.4045891538925799,2.009774105001382,2.100424563458018
425,4260,1.4045891538925799,2.0095954594008583,2.1390417126583436
426,4270,1.4045891538925799,2.089723205357934,2.206537346336517
427,4280,1.4045891538925799,2.0069492177657433,2.251540955119629
428,4290,1.4045891538925799,1.9858137568842527,2.0634569219624574
429,4300,1.4045891538925799,1.9900283537390433,2.081026554083167
430,4310,1.4045891538925799,2.0131695633886797,2.1104691733561207
431,4320,1.4045891538925799,1.9818411595521375,2.080792294755341
432,4330,1.4045891538925799,1.9820664026354504,2.1353605040234704
433,4340,1.4045891538925799,2.0389117843685525,2.1316888558366824
434,4350,1.4045891538925799,1.9755867795913336,2.084808906877019
435,4360,1.4045891538925799,1.9730590622003557,2.087244557498859
436,4370,1.4045891538925799,1.9952689949020286,2.066815864611739
437,4380,1.4045891538925799,1.995414816642824,2.171913192812657
438,4390,1.4045891538925799,2.0196087445419892,2.051924818441307
439,4400,1.4045891538925799,2.047521990876569,2.2714641291983737
440,4410,1.4045891538925799,2.0431821909808066,2.2886235714993384
441,4420,1.4045891538925799,1.9936569697666715,2.0967253128592263
442,4430,1.4045891538925799,1.9792105359461487,2.044177901729501
443,4440,1.4045891538925799,2.0742435444677034,2.457734648745663
444,4450,1.4045891538925799,2.031097946256793,2.1754143097756606
445,4460,1.4045891538925799,1.9888177268282117,2.0610265615255248
446,4470,1.4045891538925799,2.0146355461965557,2.254677100949676
447,4480,1.4045891538925799,1.9777582407265872,2.0322646778332456
448,4490,1.4045891538925799,1.9957716049936494,2.091915726795919
449,4500,1.4045891538925799,2.028383420990604,2.22906890375862
450,4510,1.4045891538925799,1.9802530323455223,2.0723559675775705
451,4520,1.4045891538925799,2.0168070808121272,2.112534762819281
452,4530,1.4045891538925799,2.0231804787104126,2.1668250888393694
453,4540,1.4045891538925799,2.028754741850709,2.145998183268987
454,4550,1.4045891538925799,1.9949414297894397,2.1433501475540484
455,4560,1.4045891538925799,2.0472908816473323,2.4146847126358213
456,4570,1.4045891538925799,2.0303229563544747,2.258851557551735
457,4580,1.4045891538925799,2.000525318929433,2.100886856092448
458,4590,1.4045891538925799,1.975311402834361,2.0425576303925745
459,4600,1.4045891538925799,1.9727147489212626,2.2106836635932177
460,4610,1.4045891538925799,1.9962953996658974,2.1383749324308754
461,4620,1.4045891538925799,2.0162748194868128,2.11674432463208
462,4630,1.4045891538925799,1.9700535861624744,2.0374338950373554
463,4640,1.4045891538925799,1.939943919346618,2.125265886038945
464,4650,1.4045891538925799,1.982879757106518,2.322077528834148
465,4660,1.4045891538925799,2.0412171808471173,2.434220966346182
466,4670,1.4045891538925799,1.9755635214496252,2.086372802541109
467,4680,1.4045891538925799,2.0221679590271533,2.1446774307150096
468,4690,1.4045891538925799,2.017744360904679,2.1342359568273412
469,4700,1.4045891538925799,1.9811331710728446,2.1553235784082463
470,4710,1.4045891538925799,1.992197710898472,2.0882823054163127
471,4720,1.4045891538925799,2.0437325975483676,2.1948127716731687
472,4730,1.4045891538925799,2.010430798885889,2.1067685461420553
473,4740,1.4045891538925799,1.991756229126731,2.082041124100322
474,4750,1.4045891538925799,1.9303630870757538,2.0711471530233125
475,4760,1.4045891538925799,2.0006543427029597,2.0644273818844185
476,4770,1.4045891538925799,1.9823690929502351,2.1974010553051158
477,4780,1.4045891538925799,1.9866879462381533,2.255766492359126
478,4790,1.4045891538925799,1.9759282587205178,2.185666516207074
479,4800,1.4045891538925799,2.0515954812067894,2.20025069532829
480,4810,1.4045891538925799,2.0054629714226047,2.164424116066617
481,4820,1.4045891538925799,1.9974882575792787,2.1479679309948625
482,4830,1.4045891538925799,1.9883461266361118,2.0723446727197827
483,4840,1.4045891538925799,2.0989734113816265,2.5003567444880184
484,4850,1.4045891538925799,2.0379282444457862,2.4632100493765705
485,4860,1.4045891538925799,2.0124897702876305,2.129224786122638
486,4870,1.4045891538925799,1.9683251889465196,2.140112974658348
487,4880,1.4045891538925799,2.0109104019168322,2.205192593295145
488,4890,1.4045891538925799,2.023476558461632,2.162651330866024
489,4900,1.4045891538925799,1.9310162188941224,2.214068211266365
490,4910,1.4045891538925799,1.9846445183719286,2.130262651699669
491,4920,1.4045891538925799,2.0395644013405407,2.1142896883113784
492,4930,1.4045891538925799,2.031014905702354,2.132001127445746
493,4940,1.384011855759064,1.9520980135486024,2.1249141053389136
494,4950,1.384011855759064,2.0619751758684983,2.2625951523194594
495,4960,1.384011855759064,1.9748709588637645,2.1447848801553535
496,4970,1.384011855759064,1.9527959190551716,2.0424627497121994
497,4980,1.384011855759064,2.005674609806737,2.1418960377701315
498,4990,1.384011855759064,2.0149025135336673,2.132568100912635
499,5000,1.384011855759064,1.9512360720576951,2.071154842810665
500,5010,1.384011855759064,1.9861787586488024,2.216897659440483
501,5020,1.384011855759064,1.986821798757869,2.0661558450930015
502,5030,1.384011855759064,1.9698135733314843,2.049323846230311
503,5040,1.384011855759064,2.052152881244239,2.1851597936552962
504,5050,1.384011855759064,1.9730787541675412,2.0856259150103287
505,5060,1.384011855759064,1.9557301942979053,2.057218349431632
506,5070,1.384011855759064,1.8966433057154959,2.086826345179011
507,5080,1.384011855759064,1.9379326985453211,2.2736814886083496
508,5090,1.384011855759064,2.031456320237143,2.172497802267204
509,5100,1.384011855759064,2.030327490384469,2.3217516209816615
510,5110,1.384011855759064,1.9867245203623611,2.155202946489894
511,5120,1.384011855759064,2.015192666865911,2.137077052287188
512,5130,1.384011855759064,2.016155538376317,2.3090731765251076
513,5140,1.384011855759064,2.0119801833863624,2.1456602422105857
514,5150,1.384011855759064,1.978469918809754,2.059617713343452
515,5160,1.384011855759064,1.9541438772118354,2.134692527299309
516,5170,1.384011855759064,1.9424267445102665,2.117899225555965
517,5180,1.384011855759064,1.9666584620399383,2.0374188273721465
518,5190,1.384011855759064,1.998457065586993,2.220858185810472
519,5200,1.384011855759064,2.0619867191670247,2.191087070007807
520,5210,1.384011855759064,1.958163895905932,2.0303760547694765
521,5220,1.384011855759064,2.0066137403985658,2.3318686620186693
522,5230,1.384011855759064,2.0073173820928107,2.484046716899168
523,5240,1.384011855759064,1.9688851156227607,2.0402759804548127
524,5250,1.384011855759064,1.9852636196295723,2.2159699114934064
525,5260,1.384011855759064,1.959502217646985,2.0833587827337925
526,5270,1.384011855759064,2.0158324229051203,2.1840449444882912
527,5280,1.384011855759064,2.030229127904403,2.2378389431976617
528,5290,1.384011855759064,1.971452635164043,2.143998539197451
529,5300,1.384011855759064,2.043175963533921,2.2360767008836744
530,5310,1.384011855759064,2.0442258244073424,2.2532633086970373
531,5320,1.384011855759064,1.9997545281069307,2.117194321966722
532,5330,1.384011855759064,1.9632859842828008,2.045087092498442
533,5340,1.384011855759064,1.9648029557481408,2.2016205747751827
534,5350,1.384011855759064,2.041441857201483,2.1841854572281827
535,5360,1.384011855759064,1.9809924678461264,2.161938449797063
536,5370,1.384011855759064,1.9728316137051762,2.12160614004779
537,5380,1.384011855759064,2.031595947091882,2.3698346985064176
538,5390,1.384011855759064,2.010338056823648,2.1817067541341757
539,5400,1.384011855759064,1.999530526218163,2.1054019066175815
540,5410,1.384011855759064,1.969053915727973,2.018131414159936
541,5420,1.384011855759064,1.9053571183957836,2.0437750475278538
542,5430,1.384011855759064,2.0171631164251016,2.0956653762910973
543,5440,1.384011855759064,1.9262398068190059,2.0757341108260197
544,5450,1.384011855759064,2.01049307648512,2.221191121931454
545,5460,1.384011855759064,2.0004624802760174,2.084489227923047
546,5470,1.384011855759064,2.0544742370105964,2.292453389028422
547,5480,1.384011855759064,1.9665853382235177,2.073205225701989
548,5490,1.384011855759064,1.982605834994014,2.034003344616437
549,5500,1.384011855759064,1.9904769787208774,2.077412773906084
550,5510,1.384011855759064,2.017742784490182,2.504923225459441
551,5520,1.384011855759064,1.9660542316297707,2.2285403967043105
552,5530,1.384011855759064,2.0337620057281987,2.338433212476634
553,5540,1.384011855759064,2.017186809693508,2.325957038692443
554,5550,1.384011855759064,2.0213287659870334,2.232362509237229
555,5560,1.384011855759064,1.9898040530302932,2.0170683973301284
556,5570,1.384011855759064,2.0093608489074444,2.120292304845662
557,5580,1.384011855759064,2.0479913269667755,2.1557103294315283
558,5590,1.384011855759064,1.975942032017743,2.0979072050288163
559,5600,1.384011855759064,2.0172973764308466,2.2214765107769354
560,5610,1.384011855759064,1.927185738701595,2.1359503833934115
561,5620,1.384011855759064,2.0129112263024203,2.198773615280734
562,5630,1.384011855759064,1.9223688877469403,2.0299545214125403
563,5640,1.384011855759064,2.02957893322965,2.119947274850306
564,5650,1.384011855759064,2.0162959398522124,2.2703265174214575
565,5660,1.384011855759064,2.0537584832079747,2.388990523262821
566,5670,1.384011855759064,1.997070400142027,2.0843201862705816
567,5680,1.384011855759064,2.071029258813355,2.4815580500091508
568,5690,1.384011855759064,2.0206973119913725,2.145979312759623
569,5700,1.384011855759064,1.9791661733661605,2.0919561813693917
570,5710,1.384011855759064,1.984100605820967,2.1109305113794474
571,5720,1.384011855759064,1.9789688916392933,2.152305645611887
572,5730,1.384011855759064,1.9969801392104902,2.1312840399988002
573,5740,1.384011855759064,2.0111078258106954,2.206966113198915
574,5750,1.384011855759064,2.0217105169628518,2.1067016453728855
575,5760,1.384011855759064,2.0460706085564992,2.197040561380012
576,5770,1.384011855759064,2.0254093322672153,2.2817602305880333
577,5780,1.384011855759064,2.0429400537411486,2.2920230518190863
578,5790,1.384011855759064,1.9971059372698967,2.1089474133337394
579,5800,1.384011855759064,1.959689886788695,2.1474571938620253
580,5810,1.384011855759064,2.010174508746038,2.218100506573952
581,5820,1.384011855759064,2.0556489482016427,2.301199066673452
582,5830,1.384011855759064,2.0069282286887566,2.096671573146304
583,5840,1.384011855759064,1.9660291832948946,2.060903954883769
584,5850,1.384011855759064,2.0412505232966,2.1917307609812697
585,5860,1.384011855759064,1.9348459379700578,2.190707346157401
586,5870,1.384011855759064,2.0214234369338664,2.2093279769893686
587,5880,1.384011855759064,2.011571306037582,2.1505470811982907
588,5890,1.384011855759064,1.966818094467709,2.0245399596448217
589,5900,1.384011855759064,2.0975587216796856,2.380263742837194
590,5910,1.384011855759064,2.013875413156845,2.1330807165669055
591,5920,1.384011855759064,1.9928687317196576,2.1131459989111345
592,5930,1.384011855759064,2.0555406249993498,2.3255764455873296
593,5940,1.384011855759064,2.0013327275941752,2.1109213257008834
594,5950,1.384011855759064,1.9658986116320676,2.046576118245287
595,5960,1.384011855759064,1.9964152853889163,2.1163164651050037
596,5970,1.384011855759064,2.0003331775582787,2.1297765666598862
597,5980,1.384011855759064,2.044051238260805,2.1643336902023638
598,5990,1.384011855759064,2.014746599488247,2.197445354791583
599,6000,1.384011855759064,2.0996988446291156,2.7405178374285484
600,6010,1.384011855759064,1.9706173861325542,2.092475083003881
601,6020,1.384011855759064,2.014900899015422,2.36314795990792
602,6030,1.384011855759064,1.9563573019951428,2.1603600270931276
603,6040,1.384011855759064,1.9829825155060017,2.127847552753657
604,6050,1.384011855759064,1.9844087528745953,2.0399428562064235
605,6060,1.384011855759064,2.001130896988761,2.124222154525066
606,6070,1.384011855759064,1.9849449698223292,2.054198146424507
607,6080,1.384011855759064,2.0312027419554837,2.1735517519070955
608,6090,1.384011855759064,2.031772855438531,2.232934696252135
609,6100,1.384011855759064,2.0328598101078024,2.1628648123548033
610,6110,1.384011855759064,2.0191537833593256,2.130486544132359
611,6120,1.384011855759064,2.0208063193271655,2.1038083544413526
612,6130,1.384011855759064,2.0124504188546415,2.1907815433845923
613,6140,1.384011855759064,2.026550885473946,2.1071892079493533
614,6150,1.384011855759064,2.0009363750185307,2.1491074001435453
615,6160,1.384011855759064,2.040445637591403,2.629933853197346
616,6170,1.384011855759064,2.0110970556713177,2.1694385091796486
617,6180,1.384011855759064,1.9528527559373974,2.0273307204626545
618,6190,1.384011855759064,2.050433388486094,2.1529601124240636
619,6200,1.384011855759064,1.989700134382153,2.0724289155122317
620,6210,1.384011855759064,1.9584086927530435,2.0302062199442243
621,6220,1.384011855759064,1.9686727228933898,2.133894449737138
622,6230,1.384011855759064,2.000229109927164,2.1712965824044446
623,6240,1.384011855759064,2.0375233308630034,2.3680947905462166
624,6250,1.384011855759064,2.0289444551612155,2.1192732817247752
625,6260,1.384011855759064,1.9978732868117484,2.087476747540041
626,6270,1.384011855759064,2.0098953270566513,2.150792982029296
627,6280,1.384011855759064,1.991176127060707,2.234528021898794
628,6290,1.384011855759064,2.0281848338101214,2.0799869490627385
629,6300,1.384011855759064,2.037441947601773,2.3247034419049055
630,6310,1.384011855759064,1.9654751908871657,2.084926851821863
631,6320,1.384011855759064,2.008644773497737,2.1953864302588095
632,6330,1.384011855759064,2.0564409265188957,2.2379982200533926
633,6340,1.384011855759064,2.0643944129410814,2.297768892592859
634,6350,1.384011855759064,1.9931412747559936,2.2403947447980723
635,6360,1.384011855759064,1.9813097640990929,2.2947929088213534
636,6370,1.384011855759064,2.0077712765483358,2.108431179455532
637,6380,1.384011855759064,1.9813251270403065,2.2571427968365976
638,6390,1.384011855759064,2.0373124089980807,2.485923866165582
639,6400,1.384011855759064,1.9695820573090017,2.022924882367537
640,6410,1.384011855759064,2.0056584128292023,2.22946184722895
641,6420,1.384011855759064,2.003067527352542,2.087893196532279
642,6430,1.384011855759064,1.99504911213733,2.189723715084903
643,6440,1.384011855759064,1.9899603712427225,2.2904931853009365
644,6450,1.384011855759064,2.02157910952332,2.296774832386521
645,6460,1.384011855759064,1.9553980558999347,2.068297157666546
646,6470,1.384011855759064,1.9755898297325056,2.171050481606666
647,6480,1.384011855759064,2.003508053500899,2.090076341517395
648,6490,1.384011855759064,2.0088384456759543,2.1337472301122165
649,6500,1.384011855759064,2.0397949475578945,2.1883342455939125
650,6510,1.384011855759064,2.0312688856011842,2.4032432936898895
651,6520,1.384011855759064,1.98578506056547,2.0293368373866922
652,6530,1.384011855759064,1.985102320168086,2.087773930236966
653,6540,1.384011855759064,2.008607283071658,2.1474875522955292
654,6550,1.384011855759064,1.9433435495416223,2.226614488291498
655,6560,1.384011855759064,1.9979214602366162,2.258987129870134
656,6570,1.384011855759064,2.014879383433296,2.193626557158231
657,6580,1.384011855759064,1.9416293995504552,2.147167843242389
658,6590,1.384011855759064,2.0006052432597827,2.097675883679057
659,6600,1.384011855759064,2.0197031274623827,2.2015228553968966
660,6610,1.384011855759064,1.9447456725998873,2.0975279973207184
661,6620,1.384011855759064,2.045738148449966,2.1808264618971407
662,6630,1.384011855759064,2.0236563094105966,2.1574677617325797
663,6640,1.384011855759064,2.027243303736742,2.1643876544978493
664,6650,1.384011855759064,1.9944522639226723,2.082771168612968
665,6660,1.384011855759064,2.04206136014676,2.3040355773834076
666,6670,1.384011855759064,2.0223769959062046,2.1543506559637424
667,6680,1.384011855759064,1.9361076401973591,2.042841528616216
668,6690,1.384011855759064,1.9632137834579066,2.059045827969487
669,6700,1.384011855759064,2.0787423412738386,2.5087257150369107
670,6710,1.384011855759064,2.0283517403935485,2.2196502641245304
671,6720,1.384011855759064,1.9767665757693185,2.058631343198766
672,6730,1.384011855759064,2.0152196601738463,2.228572838761451
673,6740,1.384011855759064,1.982604323071969,2.1036636461746543
674,6750,1.384011855759064,2.014123169448677,2.1204736436239
675,6760,1.384011855759064,1.97396913702166,2.058780893835255
676,6770,1.384011855759064,2.0356291501646706,2.2593259915963757
677,6780,1.384011855759064,1.9969173733372998,2.3003978293042713
678,6790,1.384011855759064,2.020482516154436,2.2147155222307555
679,6800,1.384011855759064,1.9689612264793237,2.1012776992013693
680,6810,1.384011855759064,1.9594450525902638,2.1503137274731894
681,6820,1.384011855759064,1.968840191490385,2.042063380822056
682,6830,1.384011855759064,2.013533357632691,2.342717731256089
683,6840,1.384011855759064,2.0136645736181595,2.3237664558036335
684,6850,1.384011855759064,2.0152621149380088,2.21963635037562
685,6860,1.384011855759064,1.967061975070235,2.1075594270238005
686,6870,1.384011855759064,1.982696200267327,2.0945729566354534
687,6880,1.384011855759064,1.9875918713373022,2.181752726757414
688,6890,1.384011855759064,1.9721145500832615,2.0881779022355547
689,6900,1.384011855759064,2.04459494824095,2.275981008945723
690,6910,1.384011855759064,1.987247379949314,2.1452700453270133
691,6920,1.384011855759064,1.9660921085340344,2.1036359316049467
692,6930,1.384011855759064,2.0576569568209044,2.2257870352425955
693,6940,1.384011855759064,2.0530484877365742,2.33671092129159
694,6950,1.384011855759064,2.0382043586000504,2.146995308387469
695,6960,1.384011855759064,2.0034930752646587,2.123804487713186
696,6970,1.384011855759064,2.0313859390774653,2.3657327322836816
697,6980,1.384011855759064,1.9789804185080555,2.2222399703949764
698,6990,1.384011855759064,1.9068946359325545,2.1760046282602357
699,7000,1.384011855759064,2.033833333251195,2.2314658497728597
700,7010,1.384011855759064,1.9568311256300572,2.063588994501504
701,7020,1.384011855759064,2.0190652529834687,2.113107928754816
702,7030,1.384011855759064,1.9844668721655974,2.035601846722367
703,7040,1.384011855759064,2.033615772150063,2.350998866386149
704,7050,1.384011855759064,1.9956616495518595,2.0623972531228936
705,7060,1.384011855759064,1.9685571332210159,2.084817875916627
706,7070,1.384011855759064,1.9804715621768,2.09565779457042
707,7080,1.384011855759064,2.000603374888832,2.0476097459309206
708,7090,1.384011855759064,2.0484726531122126,2.279697049772518
709,7100,1.384011855759064,1.986154657026463,2.1472656859688564
710,7110,1.384011855759064,1.9963943416198027,2.209269351890182
711,7120,1.384011855759064,1.93552232559144,2.022897616139661
712,7130,1.384011855759064,2.002111835037364,2.038364521873353
713,7140,1.384011855759064,1.9957989015595783,2.1169402054743296
714,7150,1.384011855759064,1.9932097603244396,2.0582286830684033
715,7160,1.384011855759064,2.081857997141956,2.331020091996768
716,7170,1.384011855759064,1.9774540819813389,2.1205255851875293
717,7180,1.384011855759064,1.9659550536131953,2.037465920298465
718,7190,1.384011855759064,2.007753098465058,2.0802185089932497
719,7200,1.384011855759064,1.9680173077824274,2.0657100004273845
720,7210,1.384011855759064,2.009911169853858,2.1109528180712323
721,7220,1.384011855759064,2.0154414726112257,2.1241445973529554
722,7230,1.384011855759064,2.038747177181662,2.231957309957348
723,7240,1.384011855759064,2.0170184022220736,2.1597375664871543
724,7250,1.384011855759064,2.0418979449545422,2.2106748938348546
725,7260,1.384011855759064,2.011838852328706,2.2275367399131043
726,7270,1.384011855759064,1.9846658110465243,2.069952877819422
727,7280,1.384011855759064,1.982955139854208,2.1317197864612143
728,7290,1.384011855759064,1.9646542008254833,2.0421399434765894
729,7300,1.384011855759064,1.9728666909888357,2.116549809998487
730,7310,1.384011855759064,2.0102505556175148,2.217213729987597
731,7320,1.384011855759064,2.008715266332734,2.1134263511202285
732,7330,1.384011855759064,2.0037372363235337,2.1818132359710845
733,7340,1.384011855759064,2.0132110242868975,2.076262152730007
734,7350,1.384011855759064,1.957120597620942,2.3439609151192227
735,7360,1.384011855759064,1.9782773051382698,2.10477513503257
736,7370,1.384011855759064,1.97218922593857,2.2089351450785184
737,7380,1.384011855759064,2.0757200849741033,2.358872462790749
738,7390,1.384011855759064,2.008007787837268,2.086532992776817
739,7400,1.384011855759064,1.9986135285162487,2.0680169323172817
740,7410,1.384011855759064,1.9832975744317494,2.109378823972505
741,7420,1.384011855759064,2.0117776767895768,2.0871306268908874
742,7430,1.384011855759064,1.9888987702836842,2.120332698878611
743,7440,1.384011855759064,1.9933832170061194,2.087186576595502
744,7450,1.384011855759064,1.9851129982153264,2.05699437871717
745,7460,1.384011855759064,1.974062362334595,2.068180079627163
746,7470,1.384011855759064,1.951424065044605,2.0450950513986292
747,7480,1.384011855759064,1.9863366962849713,2.061530859779427
748,7490,1.384011855759064,2.0047251898645913,2.140193547793487
749,7500,1.384011855759064,2.0013275560627126,2.2307756961493235
750,7510,1.384011855759064,2.030639936640257,2.3580255203001923
751,7520,1.384011855759064,1.9754603116149465,2.1436631899212197
752,7530,1.384011855759064,2.0048762169363448,2.0949870110009923
753,7540,1.384011855759064,2.018082108211222,2.31766649686991
754,7550,1.384011855759064,2.0213797066040544,2.3514889823923766
755,7560,1.384011855759064,2.0520684631499937,2.1900986376737737
756,7570,1.384011855759064,2.0104081515209336,2.1517308136907047
757,7580,1.384011855759064,1.9851264446300454,2.1470545970366572
758,7590,1.384011855759064,2.0100831530796315,2.1273534310492908
759,7600,1.384011855759064,2.040184319288936,2.349327840713232
760,7610,1.384011855759064,1.9809012895726408,2.0797976606459576
761,7620,1.384011855759064,1.979316121908946,2.1222242681883974
762,7630,1.384011855759064,1.9444728616187956,2.0595132086623065
763,7640,1.384011855759064,2.005041676849433,2.2689356250834876
764,7650,1.384011855759064,2.0663462949168094,2.2004187884043502
765,7660,1.384011855759064,1.9717365752014793,2.0261063032089077
766,7670,1.384011855759064,1.99985605951596,2.1195816526694307
767,7680,1.384011855759064,2.0057329736316514,2.172953926244205
768,7690,1.384011855759064,1.9580923635475511,2.1397243454443675
769,7700,1.384011855759064,2.0279359084942157,2.1251019286990185
770,7710,1.384011855759064,2.004092657125951,2.111012397534045
771,7720,1.384011855759064,2.058085755511553,2.1745641103557896
772,7730,1.384011855759064,1.974993635419826,2.2256802128424287
773,7740,1.384011855759064,1.9988980297381533,2.2309530159980273
774,7750,1.384011855759064,1.961892130198787,2.0719830685370266
775,7760,1.384011855759064,1.96461177104278,2.2168334650611365
776,7770,1.384011855759064,1.9799934186333286,2.2303483411062643
777,7780,1.384011855759064,2.013908153240757,2.2424463247393285
778,7790,1.384011855759064,1.9811098439098878,2.048570388088057
779,7800,1.384011855759064,2.0154232938891568,2.269704352995669
780,7810,1.384011855759064,2.005312611297456,2.094335520217872
781,7820,1.384011855759064,1.9835742403070094,2.1737367099592064
782,7830,1.384011855759064,2.0595156577400306,2.1456427673218728
783,7840,1.384011855759064,1.9611347089458266,2.1588136642721416
784,7850,1.384011855759064,2.070133289011069,2.342317933406932
785,7860,1.384011855759064,1.9918197054973148,2.298103469561525
786,7870,1.384011855759064,2.0460902002303007,2.2077143548475604
787,7880,1.384011855759064,1.9701001015928608,2.041882346540933
788,7890,1.384011855759064,2.0094084234386984,2.0677961190346905
789,7900,1.384011855759064,1.9812469558428512,2.2857204511533165
790,7910,1.384011855759064,2.039519187031815,2.289537797786358
791,7920,1.384011855759064,2.008828685008909,2.194184853903568
792,7930,1.384011855759064,2.05849966485711,2.2971306898004467
793,7940,1.384011855759064,1.9736841142846966,2.158502678147497
794,7950,1.384011855759064,2.00966875107918,2.195282514935033
795,7960,1.384011855759064,1.96847558018001,2.1404025651375327
796,7970,1.384011855759064,1.986601520498077,2.063566865226577
797,7980,1.384011855759064,2.020887474058276,2.1751175374119875
798,7990,1.384011855759064,2.0056004905451066,2.180945975730295
799,8000,1.384011855759064,1.9467482806270417,2.225122713887282
800,8010,1.384011855759064,2.0175492677656437,2.1529094324350933
801,8020,1.384011855759064,2.081160016281273,2.493785752765662
802,8030,1.384011855759064,2.0293026132026064,2.3200843369902304
803,8040,1.384011855759064,1.9864200545068254,2.0834084137551914
804,8050,1.384011855759064,2.0096309591660844,2.2665361315395804
805,8060,1.384011855759064,1.9666036929598705,2.126767934048185
806,8070,1.384011855759064,1.9297733328065045,2.0355409095057877
807,8080,1.384011855759064,2.0117568784935345,2.255003931137855
808,8090,1.384011855759064,1.9642370320219507,2.2331534465390366
809,8100,1.384011855759064,2.0401946023761672,2.3386258610407973
810,8110,1.384011855759064,2.0221724091095172,2.178171639577645
811,8120,1.384011855759064,2.0259991381953086,2.166374345243391
812,8130,1.384011855759064,1.9880478654222749,2.196784963747891
813,8140,1.384011855759064,1.9899790751791688,2.077420100757046
814,8150,1.384011855759064,1.9924247845845795,2.1974106543676255
815,8160,1.384011855759064,2.0040329214278714,2.1517694413843658
816,8170,1.384011855759064,1.9886373145214584,2.0695321937624613
817,8180,1.384011855759064,1.952067320493829,2.1077380810166124
818,8190,1.384011855759064,2.0061631111171856,2.266991846877258
819,8200,1.384011855759064,1.9573947622141794,2.0587185619101827
820,8210,1.384011855759064,1.9744120072945155,2.2106290294403346
821,8220,1.384011855759064,2.0158488616252384,2.1192470392194833
822,8230,1.384011855759064,2.0239650847298476,2.127089956145069
823,8240,1.384011855759064,1.9986302921495067,2.389842588735821
824,8250,1.384011855759064,2.023808600026232,2.1005508529603025
825,8260,1.384011855759064,1.9968453826165926,2.4248018127968765
826,8270,1.384011855759064,2.0400808063934766,2.217491379289767
827,8280,1.384011855759064,1.9811990633592849,2.119390955048524
828,8290,1.384011855759064,1.9804973911609582,2.059993706034331
829,8300,1.384011855759064,1.9999195956284912,2.125917750316438
830,8310,1.384011855759064,2.048366137855286,2.2769186949096447
831,8320,1.384011855759064,1.9591801861603675,2.1029750000249043
832,8330,1.384011855759064,1.9685805072010134,2.2554171068518203
833,8340,1.384011855759064,1.9793016381661968,2.0723768478510376
834,8350,1.384011855759064,2.040296216249193,2.280203513103431
835,8360,1.384011855759064,1.989593064588719,2.087401027632052
836,8370,1.384011855759064,1.9774627635952797,2.0296002885050486
837,8380,1.384011855759064,2.0079613777734884,2.145912498579207
838,8390,1.384011855759064,1.9824353889655293,2.1335733252650364
839,8400,1.384011855759064,2.012605234259035,2.181805313546653
840,8410,1.384011855759064,1.9948161928655694,2.066984878213477
841,8420,1.384011855759064,1.9978286176223172,2.1723444835022887
842,8430,1.384011855759064,2.0025905642074977,2.2464241235520834
843,8440,1.384011855759064,2.0116744644511173,2.203223837333918
844,8450,1.384011855759064,2.0307331129973667,2.1398111719675965
845,8460,1.384011855759064,1.9994657449458788,2.0941370324895594
846,8470,1.384011855759064,2.003824392631313,2.0556664726772693
847,8480,1.384011855759064,2.039868549270759,2.2168570345355434
848,8490,1.384011855759064,2.0113717722889204,2.1016910502131894
849,8500,1.384011855759064,2.0526119633494795,2.148025530931341
850,8510,1.384011855759064,1.9808010012951207,2.103917719378289
851,8520,1.384011855759064,1.9984176921568633,2.175578934207485
852,8530,1.384011855759064,2.0407178016423297,2.1717865022167637
853,8540,1.384011855759064,1.9975338284378066,2.058581335951545
854,8550,1.384011855759064,2.011913730659174,2.2182512835983124
855,8560,1.384011855759064,2.030691099614536,2.1469518150484364
856,8570,1.384011855759064,1.9732397202964123,2.1779686237360103
857,8580,1.384011855759064,2.0083637329420228,2.1474725499586356
858,8590,1.384011855759064,1.9704273998634079,2.1235399812087894
859,8600,1.384011855759064,2.059419130335284,2.237921785167544
860,8610,1.384011855759064,2.0463125839339424,2.197663566471546
861,8620,1.384011855759064,1.9946734586481927,2.129864524071941
862,8630,1.384011855759064,1.9757964459792308,2.0497987734662693
863,8640,1.384011855759064,1.9742229767258372,2.1310384074177424
864,8650,1.384011855759064,1.983969507671005,2.0876545662648156
865,8660,1.384011855759064,2.0508253653209287,2.2083161963575404
866,8670,1.384011855759064,1.9917085646799955,2.3299363608232846
867,8680,1.384011855759064,2.0327560413894914,2.1887538395854436
868,8690,1.384011855759064,1.9899597219312237,2.1256611611992025
869,8700,1.384011855759064,1.9704379866524622,2.0527242597944624
870,8710,1.384011855759064,2.060339165038051,2.266072454377762
871,8720,1.384011855759064,2.069269552458263,2.179368898621366
872,8730,1.384011855759064,2.0270625165159446,2.166067108363937
873,8740,1.384011855759064,1.931374351157538,2.0620773614864496
874,8750,1.384011855759064,2.0064421508514254,2.163693355324896
875,8760,1.384011855759064,2.0209043986014317,2.265891191290611
876,8770,1.384011855759064,1.9898532955461696,2.1106405820995566
877,8780,1.384011855759064,1.9738225557325415,2.092707939298821
878,8790,1.384011855759064,2.024943045205452,2.324086244086156
879,8800,1.384011855759064,1.99958447241911,2.132477048738033
880,8810,1.384011855759064,1.9965970966070472,2.1173265357310807
881,8820,1.384011855759064,2.005317118651277,2.1585764926017657
882,8830,1.384011855759064,2.030115306808018,2.5811551263505117
883,8840,1.384011855759064,2.006014984647563,2.158841383811753
884,8850,1.384011855759064,2.0386707927185705,2.223413401579102
885,8860,1.384011855759064,2.026555385252043,2.3804877214796534
886,8870,1.384011855759064,1.9989252991710302,2.0934910123412136
887,8880,1.384011855759064,2.017692437276103,2.1178434962505555
888,8890,1.384011855759064,2.01761551544747,2.3710508228587335
889,8900,1.384011855759064,2.002875692556246,2.274016071867843
890,8910,1.384011855759064,1.975216201264411,2.041239416310578
891,8920,1.384011855759064,1.896992829330122,2.0270822261620705
892,8930,1.384011855759064,1.9978308695061728,2.2341281682710608
893,8940,1.384011855759064,1.9763214401884401,2.055311442819678
894,8950,1.384011855759064,2.0191257615785307,2.1056409219768257
895,8960,1.384011855759064,1.986137152417756,2.0769243288909496
896,8970,1.384011855759064,2.014808209041493,2.254580175826634
897,8980,1.384011855759064,2.00128720222342,2.239503474566603
898,8990,1.384011855759064,1.9756119973210633,2.1872041371717743
899,9000,1.384011855759064,1.9668636810288977,2.084173095437604
900,9010,1.384011855759064,2.0520423026357446,2.270946043061462
901,9020,1.3362082362260859,1.9402782389339883,2.084190288606396
902,9030,1.3362082362260859,2.0850077138647993,2.4128479212551452
903,9040,1.3362082362260859,1.961318357795777,2.0936983047427837
904,9050,1.3362082362260859,2.0331390875247943,2.1858297479243953
905,9060,1.3362082362260859,2.0625782601997846,2.1919814102603756
906,9070,1.3362082362260859,2.0008403573529123,2.1050655976743213
907,9080,1.3362082362260859,1.9657194803381945,2.030683555802304
908,9090,1.3362082362260859,2.0620784431357007,2.284889627905463
909,9100,1.3362082362260859,1.9772614469579477,2.1665042404295964
910,9110,1.3362082362260859,2.0263197043308705,2.121207486521828
911,9120,1.3362082362260859,2.0095906898849583,2.1154873669515655
912,9130,1.3362082362260859,2.0665553295561305,2.46054551333867
913,9140,1.3362082362260859,2.0033375854918334,2.1346412515786373
914,9150,1.3362082362260859,2.0425775028239084,2.3641403532355643
915,9160,1.3362082362260859,2.00343744116249,2.073749706249768
916,9170,1.3362082362260859,2.0011494199800444,2.1387160436126558
917,9180,1.3362082362260859,1.9229994433039352,2.0531585549801417
918,9190,1.3362082362260859,2.0043230239993353,2.229945161643068
919,9200,1.3362082362260859,2.003559604223441,2.189146450900472
920,9210,1.3362082362260859,1.9999441203126402,2.1172318328703
921,9220,1.3362082362260859,2.002523262809791,2.084749737984518
922,9230,1.3362082362260859,2.015572461788665,2.115324025869002
923,9240,1.3362082362260859,2.0258478494288994,2.269784632938352
924,9250,1.3362082362260859,1.9520423266415308,2.0696653884049416
925,9260,1.3362082362260859,1.9891830618826376,2.0806444054656255
926,9270,1.3362082362260859,2.018112592774364,2.126785679828281
927,9280,1.3362082362260859,1.9484690179007753,2.1343483152228417
928,9290,1.3362082362260859,1.9729111231439251,2.1145500514283304
929,9300,1.3362082362260859,1.9980210055485874,2.151332262917376
930,9310,1.3362082362260859,2.0284507297288843,2.2510768892145236
931,9320,1.3362082362260859,2.078198841717889,2.2068045888584598
932,9330,1.3362082362260859,1.97465683278797,2.1497909442463596
933,9340,1.3362082362260859,1.9567938447795405,2.1023167687142115
934,9350,1.3362082362260859,1.9773231880041453,2.054249640158502
935,9360,1.3362082362260859,1.9780223250893088,2.088964921246004
936,9370,1.3362082362260859,2.0369353795468816,2.2186418214221453
937,9380,1.3362082362260859,1.9760503539393457,2.154897401072399
938,9390,1.3362082362260859,2.0713196309451627,2.245005486362704
939,9400,1.3362082362260859,2.006385424959451,2.1787329560707778
940,9410,1.3362082362260859,2.0202753065183865,2.2270392771639433
941,9420,1.3362082362260859,1.9890392204246923,2.139442321063928
942,9430,1.3362082362260859,1.978619700420608,2.2372602378835484
943,9440,1.3362082362260859,2.0384484307171786,2.390557723833595
944,9450,1.3362082362260859,1.9759446562017602,2.198911732068112
945,9460,1.3362082362260859,1.9826637500309712,2.0758671241930498
946,9470,1.3362082362260859,1.9128284312223816,2.0986909941128173
947,9480,1.3362082362260859,2.0498668546555026,2.179629913745833
948,9490,1.3362082362260859,2.0014430277927677,2.066185872776348
949,9500,1.3362082362260859,1.956191109090081,2.0680094185280846
950,9510,1.3362082362260859,1.9789196013467794,2.0980657314994824
951,9520,1.3362082362260859,2.060469176804179,2.2187241775473723
952,9530,1.3362082362260859,1.9785800563084617,2.121885253362541
953,9540,1.3362082362260859,2.0257241300974025,2.1892360135267075
954,9550,1.3362082362260859,2.0598468574513604,2.3179676138876597
955,9560,1.3362082362260859,1.9741273177228276,2.0784235674448976
956,9570,1.3362082362260859,2.04492132863193,2.1334960700633228
957,9580,1.3362082362260859,1.9928463039439968,2.1353238665446934
958,9590,1.3362082362260859,1.9956082013570722,2.150193526789026
959,9600,1.3362082362260859,1.9753142854080452,2.1381281515611517
960,9610,1.3362082362260859,1.991935549829842,2.0498667931524195
961,9620,1.3362082362260859,2.0091235917000483,2.2291831895959704
962,9630,1.3362082362260859,1.9686167407529163,2.0906959562145553
963,9640,1.3362082362260859,2.051617052042718,2.283660582652278
964,9650,1.3362082362260859,2.0306546385772855,2.2130352300593152
965,9660,1.3362082362260859,2.025135030085299,2.1962659341564224
966,9670,1.3362082362260859,2.0196576584950923,2.1421804213337805
967,9680,1.3362082362260859,2.050374487542984,2.3692449348794002
968,9690,1.3362082362260859,2.005807398029749,2.2097578641497084
969,9700,1.3362082362260859,2.024431372065314,2.130060272922111
970,9710,1.3362082362260859,2.0357068268830156,2.46176117208454
971,9720,1.3362082362260859,2.0011773539681847,2.1817577574405234
972,9730,1.3362082362260859,2.0069589671715233,2.116758558714916
973,9740,1.3362082362260859,1.9469103367973326,2.109824614082715
974,9750,1.3362082362260859,2.0397305011692235,2.221219993703566
975,9760,1.3362082362260859,1.9810810762674194,2.0414675596065983
976,9770,1.3362082362260859,2.0291848845246845,2.175052508717054
977,9780,1.3362082362260859,2.022022806476751,2.1560984966984678
978,9790,1.3362082362260859,1.9628838117584007,2.032847899889844
979,9800,1.3362082362260859,2.0033127061969713,2.242950682897871
980,9810,1.3362082362260859,1.9930619003461907,2.0988820259965335
981,9820,1.3362082362260859,1.9918993863100254,2.074747275702636
982,9830,1.3362082362260859,1.9959215035256404,2.1420178091526907
983,9840,1.3362082362260859,1.9823868649059146,2.0290651953826266
984,9850,1.3362082362260859,1.9881912481657071,2.0418843247044727
985,9860,1.3362082362260859,2.0389542614465994,2.2052724479432313
986,9870,1.3362082362260859,2.0089951392785497,2.2031848780302807
987,9880,1.3362082362260859,2.0143656640745418,2.2673237494907226
988,9890,1.3362082362260859,1.9732652688392143,2.093563018666509
989,9900,1.3362082362260859,2.0685689443033963,2.2488634423628184
990,9910,1.3362082362260859,2.0479806860279846,2.330119932906439
991,9920,1.3362082362260859,1.9316992083815943,2.074670903334891
992,9930,1.3362082362260859,1.9349342035895092,2.175846981368572
993,9940,1.3362082362260859,1.9757654048154933,2.0640756075927906
994,9950,1.3362082362260859,2.028589812836386,2.191052067475066
995,9960,1.3362082362260859,2.02219976791081,2.1017243569743282
996,9970,1.3362082362260859,2.0346560246882364,2.208934941648545
997,9980,1.3362082362260859,1.9432834149738447,2.057592268233653
998,9990,1.3362082362260859,2.0196221559701986,2.11640281090548
999,10000,1.3362082362260859,2.0201256478981877,2.1323208241816554
1000,10010,1.3362082362260859,1.9829344529396777,2.2571487003572837
