method,seed,weight_rms,final_x,final_y,distance_walked
ea_sigma_0.1,101,0.5426,0.7398,0.3556,0.8208
ea_sigma_0.1,102,0.5630,1.5952,-0.0654,1.5966
ea_sigma_0.1,103,0.5621,0.7397,-0.0146,0.7398
ea_sigma_0.1,104,0.5853,0.6144,-0.1554,0.6338
ea_sigma_0.1,105,0.5555,0.7724,0.0336,0.7731
ea_sigma_0.5,101,0.8662,1.4873,-0.0790,1.4894
ea_sigma_0.5,102,1.2026,1.8198,0.0711,1.8212
ea_sigma_0.5,103,1.2033,0.9663,-0.3245,1.0193
ea_sigma_0.5,104,0.8250,1.4229,0.0596,1.4241
ea_sigma_0.5,105,1.0561,1.3180,0.3907,1.3747
random_search,101,0.5285,0.7125,-0.0316,0.7132
random_search,102,0.5146,0.6463,-0.2818,0.7050
random_search,103,0.4841,0.6777,-0.1844,0.7023
random_search,104,0.5170,0.6702,0.1310,0.6829
random_search,105,0.4866,0.6896,0.0264,0.6901
