method,seed,saved_fitness,replayed_fitness,difference,status,file
ea_sigma_0.1,101,1.30945864821815,1.30945864821815,0.0,OK,/Users/notkartikye/VU Amsterdam/VU_P1/Evolutionary Computing/Assignment_1/22/22_code/assignments/assignment_2/results/final/ea_sigma_0.1/seed_101/best_candidate.json
ea_sigma_0.1,102,0.41000667800897783,0.41000667800897783,0.0,OK,/Users/notkartikye/VU Amsterdam/VU_P1/Evolutionary Computing/Assignment_1/22/22_code/assignments/assignment_2/results/final/ea_sigma_0.1/seed_102/best_candidate.json
ea_sigma_0.1,103,1.2604083329233182,1.2604083329233182,0.0,OK,/Users/notkartikye/VU Amsterdam/VU_P1/Evolutionary Computing/Assignment_1/22/22_code/assignments/assignment_2/results/final/ea_sigma_0.1/seed_103/best_candidate.json
ea_sigma_0.1,104,1.3942919359484884,1.3942919359484884,0.0,OK,/Users/notkartikye/VU Amsterdam/VU_P1/Evolutionary Computing/Assignment_1/22/22_code/assignments/assignment_2/results/final/ea_sigma_0.1/seed_104/best_candidate.json
ea_sigma_0.1,105,1.2280490138666904,1.2280490138666904,0.0,OK,/Users/notkartikye/VU Amsterdam/VU_P1/Evolutionary Computing/Assignment_1/22/22_code/assignments/assignment_2/results/final/ea_sigma_0.1/seed_105/best_candidate.json
ea_sigma_0.5,101,0.5187567416127615,0.5187567416127615,0.0,OK,/Users/notkartikye/VU Amsterdam/VU_P1/Evolutionary Computing/Assignment_1/22/22_code/assignments/assignment_2/results/final/ea_sigma_0.5/seed_101/best_candidate.json
ea_sigma_0.5,102,0.1937287286056658,0.1937287286056658,0.0,OK,/Users/notkartikye/VU Amsterdam/VU_P1/Evolutionary Computing/Assignment_1/22/22_code/assignments/assignment_2/results/final/ea_sigma_0.5/seed_102/best_candidate.json
ea_sigma_0.5,103,1.08342891236549,1.08342891236549,0.0,OK,/Users/notkartikye/VU Amsterdam/VU_P1/Evolutionary Computing/Assignment_1/22/22_code/assignments/assignment_2/results/final/ea_sigma_0.5/seed_103/best_candidate.json
ea_sigma_0.5,104,0.5802041142510711,0.5802041142510711,0.0,OK,/Users/notkartikye/VU Amsterdam/VU_P1/Evolutionary Computing/Assignment_1/22/22_code/assignments/assignment_2/results/final/ea_sigma_0.5/seed_104/best_candidate.json
ea_sigma_0.5,105,0.7860438157983862,0.7860438157983862,0.0,OK,/Users/notkartikye/VU Amsterdam/VU_P1/Evolutionary Computing/Assignment_1/22/22_code/assignments/assignment_2/results/final/ea_sigma_0.5/seed_105/best_candidate.json
random_search,101,1.2878915629589256,1.2878915629589256,0.0,OK,/Users/notkartikye/VU Amsterdam/VU_P1/Evolutionary Computing/Assignment_1/22/22_code/assignments/assignment_2/results/final/random_search/seed_101/best_candidate.json
random_search,102,1.3827132291580715,1.3827132291580715,0.0,OK,/Users/notkartikye/VU Amsterdam/VU_P1/Evolutionary Computing/Assignment_1/22/22_code/assignments/assignment_2/results/final/random_search/seed_102/best_candidate.json
random_search,103,1.3350977097500747,1.3350977097500747,0.0,OK,/Users/notkartikye/VU Amsterdam/VU_P1/Evolutionary Computing/Assignment_1/22/22_code/assignments/assignment_2/results/final/random_search/seed_103/best_candidate.json
random_search,104,1.3362082362260859,1.3362082362260859,0.0,OK,/Users/notkartikye/VU Amsterdam/VU_P1/Evolutionary Computing/Assignment_1/22/22_code/assignments/assignment_2/results/final/random_search/seed_104/best_candidate.json
random_search,105,1.31069675909955,1.31069675909955,0.0,OK,/Users/notkartikye/VU Amsterdam/VU_P1/Evolutionary Computing/Assignment_1/22/22_code/assignments/assignment_2/results/final/random_search/seed_105/best_candidate.json
